Source_Sheet,Source_Excel_Row,RSSI_dBm,Link_Mbps,UTIL_percent,RTT_ms,PacketLoss_percent,Upload_Mbps,Download_Mbps,Actual_Mbps,Is_Congested,State,Environment,RSSI_Score_0_100,GA_Normalized_RTT,GA_Normalized_UTIL,GA_Congestion_Score_0_100,GA_Hybrid_Score_0_100,APQI_raw,APQI_Qualified,APQI_Score_0_100
NATURAL_1H_R1,3,-79,960.75,17,3,0.0,21.9789,7.9566,29.935499999999998,False,정상,RSSI 변화 환경,33.9622641509434,0.9928571428571429,0.8620689655172413,93.80497664021001,33.9622641509434,1.939484580680538,True,19.354004236137563
NATURAL_1H_R1,4,-78,960.75,12,4,0.0,4.6096,11.7352,16.3448,False,정상,RSSI 변화 환경,35.84905660377358,0.9857142857142858,0.9195402298850575,95.7983748725733,35.84905660377358,2.28916420916742,True,25.078237462320768
NATURAL_1H_R1,5,-78,960.75,88,69,0.0,8.4026,2.7223,11.1249,True,혼잡,RSSI 변화 환경,35.84905660377358,0.5214285714285714,0.04597701149425293,32.21884477304221,32.21884477304221,0.6104883231138556,False,0.0
NATURAL_1H_R1,6,-80,960.75,10,6,0.0,12.5483,8.5853,21.1336,False,정상,RSSI 변화 환경,32.075471698113205,0.9714285714285714,0.9425287356321839,95.93179647040421,32.075471698113205,2.3583699621427057,True,26.211131226645445
NATURAL_1H_R1,7,-61,960.75,12,3,0.0,9.4245,7.9482,17.372700000000002,False,정상,RSSI 변화 환경,67.9245283018868,0.9928571428571429,0.9195402298850575,96.2133359320198,67.9245283018868,3.410314941191905,True,43.43140347197564
NATURAL_1H_R1,8,-80,960.75,14,3,0.0,10.4688,8.5872,19.055999999999997,False,정상,RSSI 변화 환경,32.075471698113205,0.9928571428571429,0.896551724137931,95.24999221529589,32.075471698113205,2.620644517699779,True,30.504548981058765
NATURAL_1H_R1,9,-80,960.75,18,4,0.0,15.7001,8.5724,24.2725,False,정상,RSSI 변화 환경,32.075471698113205,0.9857142857142858,0.8505747126436781,92.90834372240157,32.075471698113205,2.078345740501526,True,21.627152569980108
NATURAL_1H_R1,10,-80,960.75,45,4,0.0,6.4889,3.5557,10.044599999999999,False,정상,RSSI 변화 환경,32.075471698113205,0.9857142857142858,0.5402298850574713,79.90320354662875,32.075471698113205,1.1201305813543934,True,5.941231501151769
NATURAL_1H_R1,11,-80,960.75,25,5,0.0,7.533,7.5263,15.0593,False,정상,RSSI 변화 환경,32.075471698113205,0.9785714285714285,0.7701149425287357,89.12167965442137,32.075471698113205,1.5448954608136611,True,12.894605499052997
NATURAL_1H_R1,12,-81,960.75,14,4,0.0,13.1777,5.2287,18.406399999999998,False,정상,RSSI 변화 환경,30.18867924528302,0.9857142857142858,0.896551724137931,94.83503115584939,30.18867924528302,1.9352373224968478,True,19.28447689043412
NATURAL_1H_R1,13,-80,960.75,14,4,0.0,10.2683,5.8557,16.124,False,정상,RSSI 변화 환경,32.075471698113205,0.9857142857142858,0.896551724137931,94.83503115584939,32.075471698113205,1.9478243156688804,True,19.49052516623693
NATURAL_1H_R1,14,-80,960.75,23,6,0.0,10.0436,6.6943,16.7379,False,정상,RSSI 변화 환경,32.075471698113205,0.9714285714285714,0.7931034482758621,89.67006231169877,32.075471698113205,1.5264869835031805,True,12.593259899024577
NATURAL_1H_R1,15,-80,960.75,29,5,0.0,13.389,8.364,21.753,False,정상,RSSI 변화 환경,32.075471698113205,0.9785714285714285,0.7241379310344828,87.19499222097353,32.075471698113205,1.3335475420359253,True,9.434853542134034
NATURAL_1H_R1,16,-82,960.75,25,8,0.0,9.2179,7.3166,16.5345,False,정상,RSSI 변화 환경,28.30188679245283,0.9571428571428572,0.7701149425287357,87.87679647608188,28.30188679245283,1.3279158117643048,True,9.342662476611551
NATURAL_1H_R1,17,-81,960.75,16,6,0.0,12.5357,6.6813,19.217,False,정상,RSSI 변화 환경,30.18867924528302,0.9714285714285714,0.8735632183908046,93.04176532023247,30.18867924528302,1.7141712960667057,True,15.665640130776598
NATURAL_1H_R1,18,-81,960.75,20,21,0.0,10.0369,5.2141,15.251,False,정상,RSSI 변화 환경,30.18867924528302,0.8642857142857143,0.8275862068965517,84.89066199508717,30.18867924528302,1.5256406371912847,True,12.579405263853594
NATURAL_1H_R1,19,-81,960.75,15,5,0.0,6.4851,7.3382,13.8233,False,정상,RSSI 변화 환경,30.18867924528302,0.9785714285714285,0.8850574712643678,93.93839823804093,30.18867924528302,1.780536006076343,True,16.752026202870674
NATURAL_1H_R1,20,-81,960.75,12,4,0.0,4.4011,7.7419,12.143,False,정상,RSSI 변화 환경,30.18867924528302,0.9857142857142858,0.9195402298850575,95.7983748725733,30.18867924528302,1.9568730637945277,True,19.63865259619426
NATURAL_1H_R1,21,-80,960.75,19,3,0.0,6.7025,4.7976,11.5001,False,정상,RSSI 변화 환경,32.075471698113205,0.9928571428571429,0.8390804597701149,92.84163292348612,32.075471698113205,1.644901079433784,True,14.531691100485991
NATURAL_1H_R1,22,-81,960.75,19,3,0.0,7.9521,5.8633,13.8154,False,정상,RSSI 변화 환경,30.18867924528302,0.9928571428571429,0.8390804597701149,92.84163292348612,30.18867924528302,1.6117063824559494,True,13.988296027127486
NATURAL_1H_R1,23,-97,960.75,37,6,0.0,6.0704,4.5778,10.6482,False,정상,RSSI 변화 환경,0.0,0.9714285714285714,0.632183908045977,82.92665629463139,0.0,-0.04968376697081334,False,0.0
NATURAL_1H_R1,24,-80,960.75,14,4,0.0,7.7435,8.774,16.5175,False,정상,RSSI 변화 환경,32.075471698113205,0.9857142857142858,0.896551724137931,94.83503115584939,32.075471698113205,1.3707629260056498,False,0.0
NATURAL_1H_R1,25,-81,960.75,11,4,0.0,14.01,11.2918,25.3018,False,정상,RSSI 변화 환경,30.18867924528302,0.9857142857142858,0.9310344827586207,96.28004673093527,30.18867924528302,1.8166906031563594,False,0.0
NATURAL_1H_R1,26,-80,960.75,23,4,0.0,9.6264,4.5956,14.222000000000001,False,정상,RSSI 변화 환경,32.075471698113205,0.9857142857142858,0.7931034482758621,90.49998443059178,32.075471698113205,1.3521491034315087,True,9.739359916326434
NATURAL_1H_R1,27,-80,960.75,17,4,0.0,9.4196,6.0781,15.497700000000002,False,정상,RSSI 변화 환경,32.075471698113205,0.9857142857142858,0.8620689655172413,93.39001558076352,32.075471698113205,1.7162917685561991,True,15.700352130249055
NATURAL_1H_R1,28,-81,960.75,16,6,0.0,15.0614,5.4291,20.4905,False,정상,RSSI 변화 환경,30.18867924528302,0.9714285714285714,0.8735632183908046,93.04176532023247,30.18867924528302,1.7362387008732834,True,16.026882140658753
NATURAL_1H_R1,29,-80,960.75,27,5,0.0,7.9507,6.6695,14.6202,False,정상,RSSI 변화 환경,32.075471698113205,0.9785714285714285,0.7471264367816092,88.15833593769744,32.075471698113205,1.3414534326083154,True,9.564272466801937
NATURAL_1H_R1,30,-80,960.75,17,4,0.0,17.5498,8.3829,25.9327,False,정상,RSSI 변화 환경,32.075471698113205,0.9857142857142858,0.8620689655172413,93.39001558076352,32.075471698113205,1.778708355369501,True,16.72210767731277
NATURAL_1H_R1,31,-80,960.75,13,4,0.0,12.5695,8.1606,20.7301,False,정상,RSSI 변화 환경,32.075471698113205,0.9857142857142858,0.9080459770114943,95.31670301421134,32.075471698113205,2.0217802873334603,True,20.70117970767795
NATURAL_1H_R1,32,-80,960.75,12,4,0.0,8.3745,5.2258,13.600299999999999,False,정상,RSSI 변화 환경,32.075471698113205,0.9857142857142858,0.9195402298850575,95.7983748725733,32.075471698113205,2.0828737480952926,True,21.701275765628665
NATURAL_1H_R1,33,-81,960.75,16,4,0.0,8.5954,7.5245,16.1199,False,정상,RSSI 변화 환경,30.18867924528302,0.9857142857142858,0.8735632183908046,93.87168743912548,30.18867924528302,1.777909157348263,True,16.709024856654143
NATURAL_1H_R1,34,-93,960.75,19,5,0.0,9.2099,7.9434,17.153299999999998,False,정상,RSSI 변화 환경,7.547169811320755,0.9785714285714285,0.8390804597701149,92.01171080459311,7.547169811320755,0.8127245298093007,False,0.0
NATURAL_1H_R1,35,-80,960.75,27,6,0.0,9.8298,6.0679,15.8977,False,정상,RSSI 변화 환경,32.075471698113205,0.9714285714285714,0.7471264367816092,87.74337487825095,32.075471698113205,0.9479194959072472,False,0.0
NATURAL_1H_R1,36,-80,960.75,27,5,0.0,17.1709,8.1616,25.3325,False,정상,RSSI 변화 환경,32.075471698113205,0.9785714285714285,0.7471264367816092,88.15833593769744,32.075471698113205,1.172585565773323,True,6.79991625207378
NATURAL_1H_R1,37,-81,960.75,16,4,0.0,10.8847,7.1092,17.9939,False,정상,RSSI 변화 환경,30.18867924528302,0.9857142857142858,0.8735632183908046,93.87168743912548,30.18867924528302,1.6690635101046678,True,14.927228550208515
NATURAL_1H_R1,38,-85,960.75,12,5,0.0,9.8404,12.7616,22.602,False,정상,RSSI 변화 환경,22.641509433962266,0.9785714285714285,0.9195402298850575,95.3834138131268,22.641509433962266,1.6682699155700491,False,0.0
NATURAL_1H_R1,39,-82,960.75,13,3,0.0,8.7824,8.1484,16.9308,False,정상,RSSI 변화 환경,28.30188679245283,0.9928571428571429,0.9080459770114943,95.73166407365784,28.30188679245283,1.692063410343671,False,0.0
NATURAL_1H_R1,40,-80,960.75,14,5,0.0,7.9589,8.1532,16.112099999999998,False,정상,RSSI 변화 환경,32.075471698113205,0.9785714285714285,0.896551724137931,94.42007009640288,32.075471698113205,1.7885780949671368,True,16.883674685328174
NATURAL_1H_R1,41,-80,960.75,19,3,0.0,14.6618,4.5862,19.247999999999998,False,정상,RSSI 변화 환경,32.075471698113205,0.9928571428571429,0.8390804597701149,92.84163292348612,32.075471698113205,1.6254722023367196,True,14.213641621001894
NATURAL_1H_R1,42,-81,960.75,16,4,0.0,11.3116,7.1237,18.4353,False,정상,RSSI 변화 환경,30.18867924528302,0.9857142857142858,0.8735632183908046,93.87168743912548,30.18867924528302,1.738438241569261,True,16.06288848163074
NATURAL_1H_R1,43,-82,960.75,13,4,0.0,5.6429,4.3826,10.025500000000001,False,정상,RSSI 변화 환경,28.30188679245283,0.9857142857142858,0.9080459770114943,95.31670301421134,28.30188679245283,1.8481542816126397,True,17.858933062721107
NATURAL_1H_R1,44,-81,960.75,20,6,0.0,5.8637,5.4382,11.3019,False,정상,RSSI 변화 환경,30.18867924528302,0.9714285714285714,0.8275862068965517,91.11507788678465,30.18867924528302,1.4986847643863628,True,12.138139344479367
NATURAL_1H_R1,45,-80,960.75,22,9,0.0,12.3488,9.2084,21.5572,False,정상,RSSI 변화 환경,32.075471698113205,0.95,0.8045977011494253,88.90685099172124,32.075471698113205,1.4978401864032191,True,12.124313656737321
NATURAL_1H_R1,46,-80,960.75,54,7,0.0,5.8573,5.8535,11.7108,False,정상,RSSI 변화 환경,32.075471698113205,0.9642857142857143,0.4367816091954023,74.32327364303163,32.075471698113205,0.7571950506051406,True,0.0
NATURAL_1H_R1,47,-80,960.75,29,4,0.0,10.0482,6.4901,16.5383,False,정상,RSSI 변화 환경,32.075471698113205,0.9857142857142858,0.7241379310344828,87.60995328042004,32.075471698113205,1.3166659978118025,True,9.158503739387001
NATURAL_1H_R1,48,-82,960.75,42,10,0.0,8.3628,8.1736,16.5364,False,정상,RSSI 변화 환경,28.30188679245283,0.9428571428571428,0.5747126436781609,78.85845276503561,28.30188679245283,0.8745948478115555,True,1.921827196008193
NATURAL_1H_R1,49,-80,960.75,29,5,0.0,4.8107,4.8025,9.613199999999999,False,정상,RSSI 변화 환경,32.075471698113205,0.9785714285714285,0.7241379310344828,87.19499222097353,32.075471698113205,1.265248655301902,True,8.316805120365917
NATURAL_1H_R1,50,-81,960.75,40,5,0.0,6.9007,6.0628,12.9635,False,정상,RSSI 변화 환경,30.18867924528302,0.9785714285714285,0.5977011494252873,81.89660177899201,30.18867924528302,0.9567497251121443,True,3.2666973000287856
NATURAL_1H_R1,51,-79,960.75,15,3,0.0,15.2632,6.6857,21.9489,False,정상,RSSI 변화 환경,33.9622641509434,0.9928571428571429,0.8850574712643678,94.76832035693394,33.9622641509434,1.928967673832268,True,19.181843141486322
NATURAL_1H_R1,52,-80,960.75,13,7,0.0,11.3278,7.334,18.6618,False,정상,RSSI 변화 환경,32.075471698113205,0.9642857142857143,0.9080459770114943,94.07181983587185,32.075471698113205,2.0434087741872893,True,21.05523665865472
NATURAL_1H_R1,53,-81,960.75,25,3,0.0,10.0268,4.6055,14.6323,False,정상,RSSI 변화 환경,30.18867924528302,0.9928571428571429,0.7701149425287357,89.95160177331438,30.18867924528302,1.399767215856585,True,10.518865381060632
NATURAL_1H_R1,54,-78,960.75,22,6,0.0,10.2555,7.7507,18.0062,False,정상,RSSI 변화 환경,35.84905660377358,0.9714285714285714,0.8045977011494253,90.15173417006073,35.84905660377358,1.6795309333423756,True,15.098579601309444
NATURAL_1H_R1,55,-80,960.75,28,19,0.0,4.3843,9.0212,13.4055,False,정상,RSSI 변화 환경,32.075471698113205,0.8785714285714286,0.735632183908046,81.86720924708452,32.075471698113205,1.4233068264388107,True,10.90420730563673
NATURAL_1H_R1,56,-79,960.75,12,9,0.0,10.4491,7.7567,18.2058,False,정상,RSSI 변화 환경,33.9622641509434,0.95,0.9195402298850575,93.7235695753408,33.9622641509434,2.181681479589584,True,23.318752031177343
NATURAL_1H_R1,57,-79,960.75,20,11,0.0,12.1423,8.9983,21.1406,False,정상,RSSI 변화 환경,33.9622641509434,0.9357142857142857,0.8275862068965517,89.04027258955216,33.9622641509434,1.7712661444788567,True,16.600279159475374
NATURAL_1H_R1,58,-79,960.75,24,5,0.0,14.2034,10.2573,24.460700000000003,False,정상,RSSI 변화 환경,33.9622641509434,0.9785714285714285,0.7816091954022988,89.60335151278332,33.9622641509434,1.6265399890440444,True,14.231121221329179
OPEN2_1H_R1,2,-53,1201.0,38,5,0.0,54.3944,103.2158,157.6102,False,정상,RSSI 변화 환경,83.01886792452831,0.9785714285714285,0.6206896551724138,82.85994549571592,83.01886792452831,4.690100946872377,True,64.38141879834824
OPEN2_1H_R1,3,-53,1201.0,46,7,0.0,52.1676,109.4258,161.5934,False,정상,RSSI 변화 환경,83.01886792452831,0.9642857142857143,0.5287356321839081,78.17664850992728,83.01886792452831,4.5278298204346115,True,61.72505080337915
OPEN2_1H_R1,4,-51,1201.0,50,10,0.0,49.5664,74.2384,123.8048,False,정상,RSSI 변화 환경,86.79245283018868,0.9428571428571428,0.48275862068965514,75.00507789813996,86.79245283018868,4.582925775980148,True,62.62696808328126
OPEN2_1H_R1,5,-57,1201.0,23,7,0.0,38.9041,96.0385,134.9426,False,정상,RSSI 변화 환경,75.47169811320755,0.9642857142857143,0.7931034482758621,89.25510125225229,75.47169811320755,4.921147136874307,True,68.16363019943847
OPEN2_1H_R1,6,-52,1201.0,36,16,0.0,54.8919,55.8715,110.76339999999999,False,정상,RSSI 변화 환경,84.90566037735849,0.9,0.6436781609195402,79.25871755852836,84.90566037735849,4.702692197601573,True,64.5875367700904
OPEN2_1H_R1,7,-55,1201.0,40,5,0.0,47.6736,110.0954,157.769,False,정상,RSSI 변화 환경,79.24528301886792,0.9785714285714285,0.5977011494252873,81.89660177899201,79.24528301886792,4.497106682731826,True,61.22211499779079
OPEN2_1H_R1,8,-52,1201.0,80,14,0.0,60.8288,99.2995,160.1283,True,혼잡,RSSI 변화 환경,84.90566037735849,0.9142857142857143,0.13793103448275867,58.89507790949527,58.89507790949527,4.038288626764538,False,0.0
OPEN2_1H_R1,9,-54,1201.0,82,16,0.0,42.2679,83.4271,125.695,True,혼잡,RSSI 변화 환경,81.13207547169812,0.9,0.11494252873563215,57.10181207387836,57.10181207387836,3.955042200919768,False,0.0
OPEN2_1H_R1,10,-55,1201.0,55,8,0.0,103.3804,75.447,178.8274,False,정상,RSSI 변화 환경,79.24528301886792,0.9571428571428572,0.4252873563218391,73.42664072522318,79.24528301886792,4.204306232214002,True,56.42899028890195
OPEN2_1H_R1,11,-53,1201.0,21,4,0.0,68.7764,107.1874,175.9638,False,정상,RSSI 변화 환경,83.01886792452831,0.9857142857142858,0.8160919540229885,91.46332814731569,83.01886792452831,5.1130298459847365,True,71.30473791501468
OPEN2_1H_R1,12,-56,1201.0,42,5,0.0,86.0429,79.2102,165.25310000000002,False,정상,RSSI 변화 환경,77.35849056603774,0.9785714285714285,0.5747126436781609,80.9332580622681,77.35849056603774,4.363809622199806,True,59.0400506145962
OPEN2_1H_R1,13,-54,1201.0,38,5,0.0,4.583,87.2633,91.8463,False,정상,RSSI 변화 환경,81.13207547169812,0.9785714285714285,0.6206896551724138,82.85994549571592,81.13207547169812,4.50298296590255,True,61.3183093786813
OPEN2_1H_R1,14,-56,1201.0,25,4,0.0,80.3022,87.6639,167.96609999999998,False,정상,RSSI 변화 환경,77.35849056603774,0.9857142857142858,0.7701149425287357,89.53664071386788,77.35849056603774,4.7571739760064995,True,65.47940000935463
OPEN2_1H_R1,15,-53,1201.0,21,11,0.0,99.0845,42.7644,141.84890000000001,False,정상,RSSI 변화 환경,83.01886792452831,0.9357142857142857,0.8160919540229885,88.5586007311902,83.01886792452831,5.0506788127974955,True,70.28405547663053
OPEN2_1H_R1,16,-55,1201.0,47,6,0.0,126.7305,44.228,170.95850000000002,False,정상,RSSI 변화 환경,79.24528301886792,0.9714285714285714,0.5172413793103448,78.10993771101181,79.24528301886792,4.2998185019795105,True,57.99252005603681
OPEN2_1H_R1,17,-52,1201.0,61,11,0.0,158.4127,64.1851,222.5978,True,혼잡,RSSI 변화 환경,84.90566037735849,0.9357142857142857,0.3563218390804598,69.29172639671194,69.29172639671194,4.242197986345035,True,57.04927588841997
OPEN2_1H_R1,18,-52,1201.0,32,5,0.0,46.9153,73.5567,120.47200000000001,False,정상,RSSI 변화 환경,84.90566037735849,0.9785714285714285,0.6896551724137931,85.74997664588767,84.90566037735849,4.883651344050417,True,67.54982646127577
OPEN2_1H_R1,19,-54,1201.0,29,7,0.0,116.2395,105.0953,221.3348,False,정상,RSSI 변화 환경,81.13207547169812,0.9642857142857143,0.7241379310344828,86.36507010208054,81.13207547169812,4.882005018227844,True,67.52287621251385
OPEN2_1H_R1,20,-55,1201.0,26,5,0.0,140.1645,85.1217,225.2862,False,정상,RSSI 변화 환경,79.24528301886792,0.9785714285714285,0.7586206896551724,88.64000779605941,79.24528301886792,4.869349249484368,True,67.31570208499097
OPEN2_1H_R1,21,-51,1201.0,18,5,0.0,36.8756,99.1482,136.0238,False,정상,RSSI 변화 환경,86.79245283018868,0.9785714285714285,0.8505747126436781,92.49338266295506,86.79245283018868,5.391757136803333,True,75.86748589679394
OPEN2_1H_R1,22,-52,1201.0,29,7,0.0,28.2374,87.8307,116.06809999999999,False,정상,RSSI 변화 환경,84.90566037735849,0.9642857142857143,0.7241379310344828,86.36507010208054,84.90566037735849,5.018738023831475,True,69.76118679748853
OPEN2_1H_R1,23,-52,1201.0,52,5,0.0,132.1834,99.445,231.6284,False,정상,RSSI 변화 환경,84.90566037735849,0.9785714285714285,0.45977011494252873,76.11653947864853,84.90566037735849,4.530498448293783,True,61.76873607130822
OPEN2_1H_R1,24,-52,1201.0,35,4,0.0,161.1302,133.0922,294.2224,False,정상,RSSI 변화 환경,84.90566037735849,0.9857142857142858,0.6551724137931034,84.7199221302483,84.90566037735849,4.887856784207484,True,67.6186692485493
OPEN2_1H_R1,25,-53,1201.0,17,5,0.0,94.396,108.8673,203.26330000000002,False,정상,RSSI 변화 환경,83.01886792452831,0.9785714285714285,0.8620689655172413,92.975054521317,83.01886792452831,5.45591389466473,True,76.9177279329787
OPEN2_1H_R1,26,-53,1201.0,19,5,0.0,101.6257,104.3669,205.99259999999998,False,정상,RSSI 변화 환경,83.01886792452831,0.9785714285714285,0.8390804597701149,92.01171080459311,83.01886792452831,5.329883199402627,True,74.85461348602041
OPEN2_1H_R1,27,-52,1201.0,29,5,0.0,105.5727,89.243,194.8157,False,정상,RSSI 변화 환경,84.90566037735849,0.9785714285714285,0.7241379310344828,87.19499222097353,84.90566037735849,5.006221218530365,True,69.55628749265823
OPEN2_1H_R1,28,-51,1201.0,20,4,0.0,140.2359,74.7729,215.0088,False,정상,RSSI 변화 환경,86.79245283018868,0.9857142857142858,0.8275862068965517,91.94500000567766,86.79245283018868,5.420392863658792,True,76.33625091988444
OPEN2_1H_R1,29,-56,1201.0,39,4,0.0,68.6816,130.8442,199.5258,False,정상,RSSI 변화 환경,77.35849056603774,0.9857142857142858,0.6091954022988506,82.79323469680048,77.35849056603774,4.5600187027721635,True,62.25198075519711
OPEN2_1H_R1,30,-54,1201.0,37,11,0.0,96.8071,112.8729,209.68,False,정상,RSSI 변화 환경,81.13207547169812,0.9357142857142857,0.632183908045977,80.8518509973989,81.13207547169812,4.594648790597962,True,62.81887308523032
OPEN2_1H_R1,31,-53,1201.0,26,5,3.3333,149.6086,102.8044,252.413,False,정상,RSSI 변화 환경,83.01886792452831,0.9785714285714285,0.7586206896551724,88.64000779605941,83.01886792452831,4.962088905279528,True,68.83384433818593
OPEN2_1H_R1,32,-54,1201.0,25,9,0.0,35.7689,70.347,106.1159,False,정상,RSSI 변화 환경,81.13207547169812,0.95,0.7701149425287357,87.46183541663538,81.13207547169812,4.95294845264188,True,68.68421571121333
OPEN2_1H_R1,33,-52,1201.0,38,6,0.0,61.9018,89.5753,151.4771,False,정상,RSSI 변화 환경,84.90566037735849,0.9714285714285714,0.6206896551724138,82.44498443626942,84.90566037735849,4.707989408998738,True,64.6742517829637
OPEN2_1H_R1,34,-56,1201.0,25,9,0.0,30.6278,64.5924,95.2202,False,정상,RSSI 변화 환경,77.35849056603774,0.95,0.7701149425287357,87.46183541663538,77.35849056603774,4.859677197554593,True,67.15737121149581
OPEN2_1H_R1,35,-56,1201.0,29,9,0.0,65.887,83.5266,149.4136,False,정상,RSSI 변화 환경,77.35849056603774,0.95,0.7241379310344828,85.53514798318754,77.35849056603774,4.629875219799012,True,63.39552748555952
OPEN2_1H_R1,36,-51,1201.0,50,5,0.0,95.0168,78.0511,173.0679,False,정상,RSSI 변화 환경,86.79245283018868,0.9785714285714285,0.48275862068965514,77.07988319537245,86.79245283018868,4.435675069476013,True,60.216483405070896
OPEN2_1H_R1,37,-52,1201.0,53,8,0.0,79.2869,123.0053,202.2922,False,정상,RSSI 변화 환경,84.90566037735849,0.9571428571428572,0.4482758620689655,74.38998444194709,84.90566037735849,4.463211064497582,True,60.66724588814873
OPEN2_1H_R1,38,-52,1201.0,43,7,0.0,120.475,116.4957,236.9707,False,정상,RSSI 변화 환경,84.90566037735849,0.9642857142857143,0.5632183908045977,79.62166408501315,84.90566037735849,4.677297271239319,True,64.17182344447198
OPEN2_1H_R1,39,-55,1201.0,43,10,0.0,14.4332,24.6571,39.0903,False,정상,RSSI 변화 환경,79.24528301886792,0.9428571428571428,0.5632183908045977,78.37678090667364,79.24528301886792,4.496387923859094,True,61.21034896086518
OPEN2_1H_R1,40,-55,1201.0,38,5,0.0,94.8002,105.9829,200.7831,False,정상,RSSI 변화 환경,79.24528301886792,0.9785714285714285,0.6206896551724138,82.85994549571592,79.24528301886792,4.514801372971501,True,61.511775948974176
OPEN2_1H_R1,41,-53,1201.0,24,9,0.0,116.1233,94.4994,210.6227,False,정상,RSSI 변화 환경,83.01886792452831,0.95,0.7816091954022988,87.94350727499733,83.01886792452831,5.003956462696484,True,69.51921358403624
OPEN2_1H_R1,42,-51,1201.0,33,7,0.0,131.4265,112.7786,244.20510000000002,False,정상,RSSI 변화 환경,86.79245283018868,0.9642857142857143,0.6781609195402298,84.43838266863271,86.79245283018868,4.903710428837674,True,67.87819240047246
OPEN2_1H_R1,43,-52,1201.0,27,8,0.0,158.422,114.5468,272.9688,False,정상,RSSI 변화 환경,84.90566037735849,0.9571428571428572,0.7471264367816092,86.91345275935797,84.90566037735849,5.095898655175638,True,71.02430141358663
OPEN2_1H_R1,44,-51,1201.0,28,4,0.0,45.8783,119.0284,164.9067,False,정상,RSSI 변화 환경,86.79245283018868,0.9857142857142858,0.735632183908046,88.091625138782,86.79245283018868,5.148559842806282,True,71.88636169793891
OPEN2_1H_R1,45,-55,1201.0,27,12,0.0,83.5897,77.1191,160.7088,False,정상,RSSI 변화 환경,79.24528301886792,0.9285714285714286,0.7471264367816092,85.25360852157196,79.24528301886792,4.946236585484477,True,68.57434287372953
OPEN2_1H_R1,47,-59,1201.0,28,6,0.0,96.4676,134.9196,231.3872,False,정상,RSSI 변화 환경,71.69811320754717,0.9714285714285714,0.735632183908046,87.261703019889,71.69811320754717,4.542220312778722,True,61.960622245655436
OPEN2_1H_R1,48,-55,1201.0,29,9,0.0,104.7025,133.6428,238.3453,False,정상,RSSI 변화 환경,79.24528301886792,0.95,0.7241379310344828,85.53514798318754,79.24528301886792,4.582509475160228,True,62.620153265398436
OPEN2_1H_R1,49,-52,1201.0,21,4,0.0,44.6387,129.235,173.8737,False,정상,RSSI 변화 환경,84.90566037735849,0.9857142857142858,0.8160919540229885,91.46332814731569,84.90566037735849,5.092621133960792,True,70.97064860024224
OPEN2_1H_R1,50,-52,1201.0,12,8,0.0,113.1937,70.7292,183.92290000000003,False,정상,RSSI 변화 환경,84.90566037735849,0.9571428571428572,0.9195402298850575,94.13853063478732,84.90566037735849,5.691721919387386,True,80.77789026487933
OPEN2_1H_R1,52,-54,1201.0,28,6,0.0,129.7719,108.1673,237.93919999999997,False,정상,RSSI 변화 환경,81.13207547169812,0.9714285714285714,0.735632183908046,87.261703019889,81.13207547169812,4.900857345301526,True,67.83148760487036
OPEN2_1H_R1,53,-56,1201.0,16,11,0.0,132.016,137.4023,269.4183,False,정상,RSSI 변화 환경,77.35849056603774,0.9357142857142857,0.8735632183908046,90.96696002299998,77.35849056603774,5.206530246130403,True,72.83533350472983
OPEN2_1H_R1,54,-56,1201.0,16,11,0.0,59.5972,65.7859,125.3831,False,정상,RSSI 변화 환경,77.35849056603774,0.9357142857142857,0.8735632183908046,90.96696002299998,77.35849056603774,5.121708162078863,True,71.44680139623112
OPEN2_1H_R1,55,-53,1201.0,40,11,0.0,72.2049,100.3917,172.5966,False,정상,RSSI 변화 환경,83.01886792452831,0.9357142857142857,0.5977011494252873,79.40683542231302,83.01886792452831,4.489688803334286,True,61.10068478494437
OPEN2_1H_R1,56,-56,1201.0,18,4,0.0,118.8826,156.4005,275.2831,False,정상,RSSI 변화 환경,77.35849056603774,0.9857142857142858,0.8505747126436781,92.90834372240157,77.35849056603774,5.0581434710234685,True,70.40625145591623
OPEN2_1H_R1,57,-53,1201.0,20,7,0.0,126.4213,123.861,250.28230000000002,False,정상,RSSI 변화 환경,83.01886792452831,0.9642857142857143,0.8275862068965517,90.70011682733815,83.01886792452831,5.107709443238269,True,71.21764326123177
OPEN2_1H_R1,58,-55,1201.0,23,6,0.0,66.3681,116.6572,183.02530000000002,False,정상,RSSI 변화 환경,79.24528301886792,0.9714285714285714,0.7931034482758621,89.67006231169877,79.24528301886792,4.918143696890311,True,68.11446407837037
OPEN2_20M_R1,2,-54,1201.0,60,6,0.0,53.5872,126.0636,179.6508,True,혼잡,RSSI 변화 환경,81.13207547169812,0.9714285714285714,0.367816091954023,71.84820355230639,71.84820355230639,4.1627388227735675,True,55.748534446292794
OPEN2_20M_R1,3,-54,1201.0,27,6,0.0,49.6562,115.1831,164.83929999999998,False,정상,RSSI 변화 환경,81.13207547169812,0.9714285714285714,0.7471264367816092,87.74337487825095,81.13207547169812,4.8520568543222575,True,67.03262667858091
OPEN2_20M_R1,4,-57,1201.0,43,5,0.0,95.0826,77.9855,173.06810000000002,False,정상,RSSI 변화 환경,75.47169811320755,0.9785714285714285,0.5632183908045977,80.45158620390615,75.47169811320755,4.249040014581123,True,57.16127945446405
OPEN2_20M_R1,5,-54,1201.0,53,8,0.0,107.803,118.606,226.409,False,정상,RSSI 변화 환경,81.13207547169812,0.9571428571428572,0.4482758620689655,74.38998444194709,81.13207547169812,4.171424327312041,True,55.890715601884935
OPEN2_20M_R1,6,-54,1201.0,34,5,0.0,38.2072,101.6291,139.8363,False,정상,RSSI 변화 환경,81.13207547169812,0.9785714285714285,0.6666666666666667,84.78663292916376,81.13207547169812,4.601576509456613,True,62.93227940130296
OPEN2_20M_R1,7,-55,1201.0,52,9,0.0,89.6761,84.5298,174.20589999999999,False,정상,RSSI 변화 환경,79.24528301886792,0.95,0.45977011494252873,74.45669524086254,79.24528301886792,4.192649044479044,True,56.238162868828766
OPEN2_20M_R1,8,-58,1201.0,50,10,0.0,127.9131,106.0367,233.94979999999998,False,정상,RSSI 변화 환경,73.58490566037736,0.9428571428571428,0.48275862068965514,75.00507789813996,73.58490566037736,4.005740769493469,True,53.17848632275525
OPEN2_20M_R1,9,-59,1201.0,29,5,0.0,76.1272,78.2655,154.3927,False,정상,RSSI 변화 환경,71.69811320754717,0.9785714285714285,0.7241379310344828,87.19499222097353,71.69811320754717,4.303591320075208,True,58.05428084774547
OPEN2_20M_R1,10,-57,1201.0,30,6,0.0,96.7229,86.7241,183.447,False,정상,RSSI 변화 환경,75.47169811320755,0.9714285714285714,0.7126436781609196,86.29835930316509,75.47169811320755,4.3251452401614765,True,58.407117145490915
OPEN2_20M_R1,11,-57,1201.0,31,3,0.0,88.9189,111.0962,200.0151,False,정상,RSSI 변화 환경,75.47169811320755,0.9928571428571429,0.7011494252873562,87.06157062314263,75.47169811320755,4.313952503708889,True,58.22389276330128
OPEN2_20M_R1,12,-56,1201.0,21,6,0.0,64.8951,118.8069,183.702,False,정상,RSSI 변화 환경,77.35849056603774,0.9714285714285714,0.8160919540229885,90.63340602842268,77.35849056603774,4.72088661540858,True,64.88537822969327
OPEN2_20M_R1,13,-55,1201.0,20,9,0.0,125.0849,124.41,249.4949,False,정상,RSSI 변화 환경,79.24528301886792,0.95,0.8275862068965517,89.87019470844515,79.24528301886792,4.875601555467266,True,67.41805193534523
OPEN2_20M_R1,14,-52,1201.0,17,4,0.0,52.4809,76.0285,128.5094,False,정상,RSSI 변화 환경,84.90566037735849,0.9857142857142858,0.8620689655172413,93.39001558076352,84.90566037735849,5.275232415493898,True,73.95998363743304
OPEN2_20M_R1,15,-53,1201.0,51,16,0.0,51.0209,111.0432,162.0641,False,정상,RSSI 변화 환경,83.01886792452831,0.9,0.47126436781609193,72.03363968309901,83.01886792452831,4.377099272432833,True,59.257601341692954
FREE1_1H_R1,2,-75,424.25,41,8,0.0,3.3521,2.0904,5.4425,False,정상,RSSI 변화 환경,41.509433962264154,0.9571428571428572,0.5862068965517242,80.17004674229057,41.509433962264154,1.6982046180841017,True,15.404266630080322
FREE1_1H_R1,3,-79,458.75,35,10,0.0,1.0387,0.8373,1.876,False,정상,RSSI 변화 환경,33.9622641509434,0.9428571428571428,0.6551724137931034,82.23015577356931,33.9622641509434,1.5755576225129473,True,13.396543131351299
FREE1_1H_R1,4,-81,458.75,55,30,0.0,0.6309,0.4189,1.0498,True,혼잡,RSSI 변화 환경,30.18867924528302,0.8,0.4252873563218391,64.29749741740021,64.29749741740021,0.917673623334817,True,2.6270240050433293
FREE1_1H_R1,5,-78,390.0,69,20,0.0,2.7165,1.6756,4.3921,True,혼잡,RSSI 변화 환경,35.84905660377358,0.8714285714285714,0.26436781609195403,61.7037019947978,61.7037019947978,0.7860230242171669,True,0.471912090239721
FREE1_1H_R1,6,-79,390.0,20,23,0.0,8.189,2.3011,10.4901,True,혼잡,RSSI 변화 환경,33.9622641509434,0.85,0.8275862068965517,84.06073987619418,84.06073987619418,1.8250075092677736,True,17.480021875047065
FREE1_1H_R1,7,-79,458.75,17,4,0.0,3.9729,1.2582,5.2311,False,정상,RSSI 변화 환경,33.9622641509434,0.9857142857142858,0.8620689655172413,93.39001558076352,33.9622641509434,1.956094221154975,True,19.625902991836156
FREE1_1H_R1,8,-76,424.25,21,8,0.0,4.8178,2.3048,7.1226,False,정상,RSSI 변화 환경,39.62264150943396,0.9571428571428572,0.8160919540229885,89.8034839095297,39.62264150943396,1.949931438134176,True,19.52501862666434
FREE1_1H_R1,9,-77,390.0,52,5,0.0,2.0965,2.3039,4.400399999999999,False,정상,RSSI 변화 환경,37.735849056603776,0.9785714285714285,0.45977011494252873,76.11653947864853,37.735849056603776,1.1987613489618085,True,7.228412154157815
FREE1_1H_R1,10,-75,424.25,16,7,0.0,10.4719,2.3051,12.777,False,정상,RSSI 변화 환경,41.509433962264154,0.9642857142857143,0.8735632183908046,92.62680426078599,41.509433962264154,2.364810166702298,True,26.31655696472163
FREE1_1H_R1,11,-75,424.25,20,6,0.0,5.647,1.4655,7.112500000000001,False,정상,RSSI 변화 환경,41.509433962264154,0.9714285714285714,0.8275862068965517,91.11507788678465,41.509433962264154,2.2495914438955644,True,24.430433817592288
FREE1_1H_R1,12,-78,458.75,16,5,0.0,4.3948,1.4639,5.8587,False,정상,RSSI 변화 환경,35.84905660377358,0.9785714285714285,0.8735632183908046,93.45672637967897,35.84905660377358,2.2760524004170266,True,24.86359798895729
FREE1_1H_R1,13,-76,390.0,17,6,0.0,7.3162,5.2392,12.5554,False,정상,RSSI 변화 환경,39.62264150943396,0.9714285714285714,0.8620689655172413,92.56009346187051,39.62264150943396,2.2864703512168205,True,25.034139179403446
FREE1_1H_R1,14,-79,458.75,21,7,0.0,5.8466,1.8895,7.7360999999999995,False,정상,RSSI 변화 환경,33.9622641509434,0.9642857142857143,0.8160919540229885,90.2184449689762,33.9622641509434,1.9158038174718572,True,18.9663516520649
FREE1_1H_R1,15,-80,458.75,15,6,0.0,2.5127,2.936,5.4487000000000005,False,정상,RSSI 변화 환경,32.075471698113205,0.9714285714285714,0.8850574712643678,93.52343717859443,32.075471698113205,2.0667948061719694,True,21.438064511379668
FREE1_1H_R1,16,-80,458.75,21,4,0.0,4.1887,3.7687,7.9574,False,정상,RSSI 변화 환경,32.075471698113205,0.9857142857142858,0.8160919540229885,91.46332814731569,32.075471698113205,1.68602631067413,True,15.204908514148647
FREE1_1H_R1,17,-79,458.75,31,7,0.0,2.927,3.1411,6.068099999999999,False,정상,RSSI 변화 환경,33.9622641509434,0.9642857142857143,0.7011494252873562,85.40172638535662,33.9622641509434,1.3848326738307422,True,10.27438788017766
FREE1_1H_R1,18,-77,458.75,19,8,0.0,5.4417,3.3498,8.7915,False,정상,RSSI 변화 환경,37.735849056603776,0.9571428571428572,0.8390804597701149,90.76682762625362,37.735849056603776,1.963071901482202,True,19.74012717396433
FREE1_1H_R1,19,-78,458.75,25,6,0.0,3.1356,2.5102,5.6458,False,정상,RSSI 변화 환경,35.84905660377358,0.9714285714285714,0.7701149425287357,88.70671859497487,35.84905660377358,1.7210849796060939,True,15.778816689567657
FREE1_1H_R1,20,-78,458.75,42,6,0.0,5.2149,2.0896,7.3045,False,정상,RSSI 변화 환경,35.84905660377358,0.9714285714285714,0.5747126436781609,80.5182970028216,35.84905660377358,1.2797225766110047,True,8.553742289480518
FREE1_1H_R1,21,-77,390.0,40,4,0.0,2.7226,3.1387,5.8613,False,정상,RSSI 변화 환경,37.735849056603776,0.9857142857142858,0.5977011494252873,82.31156283843852,37.735849056603776,1.3893450195893422,True,10.348254692582987
FREE1_1H_R1,22,-76,390.0,27,10,0.0,7.1127,2.9299,10.0426,False,정상,RSSI 변화 환경,39.62264150943396,0.9428571428571428,0.7471264367816092,86.08353064046496,39.62264150943396,1.8282228407633592,True,17.53265664665177
FREE1_1H_R1,23,-75,390.0,31,10,0.0,7.3285,2.5136,9.8421,False,정상,RSSI 변화 환경,41.509433962264154,0.9428571428571428,0.7011494252873562,84.15684320701713,41.509433962264154,1.8277762728507554,True,17.525346358391243
FREE1_1H_R1,24,-77,390.0,26,7,0.0,7.7104,2.5156,10.225999999999999,False,정상,RSSI 변화 환경,37.735849056603776,0.9642857142857143,0.7586206896551724,87.81008567716641,37.735849056603776,1.9088847298098301,True,18.853086628130757
FREE1_1H_R1,25,-78,458.75,43,4,0.0,5.0233,2.3026,7.3259,False,정상,RSSI 변화 환경,35.84905660377358,0.9857142857142858,0.5632183908045977,80.86654726335266,35.84905660377358,1.3630050512463014,True,9.91707108998572
FREE1_1H_R1,26,-77,390.0,32,8,0.0,1.8831,1.4658,3.3489,False,정상,RSSI 변화 환경,37.735849056603776,0.9571428571428572,0.6896551724137931,84.50509346754818,37.735849056603776,1.6318780774560913,True,14.318505388330172
FREE1_1H_R1,27,-78,458.75,29,5,0.0,8.366,1.6803,10.046299999999999,False,정상,RSSI 변화 환경,35.84905660377358,0.9785714285714285,0.7241379310344828,87.19499222097353,35.84905660377358,1.6615928993847462,True,14.804935128976343
FREE1_1H_R1,28,-78,390.0,31,6,0.0,2.506,0.6293,3.1353,False,정상,RSSI 변화 환경,35.84905660377358,0.9714285714285714,0.7011494252873562,85.81668744480312,35.84905660377358,1.575424289123443,True,13.394360472265143
FREE1_1H_R1,29,-71,424.25,33,20,0.0,7.1281,1.6751,8.8032,False,정상,RSSI 변화 환경,49.056603773584904,0.8714285714285714,0.6781609195402298,79.04388889582823,49.056603773584904,1.972586127280473,True,19.895874443748205
FREE1_1H_R1,30,-73,390.0,34,6,0.0,3.1323,1.462,4.5943,False,정상,RSSI 변화 환경,45.28301886792453,0.9714285714285714,0.6666666666666667,84.37167186971726,45.28301886792453,2.0344752811020093,True,20.90899594636068
FREE1_1H_R1,31,-76,390.0,33,5,0.0,2.5093,1.4701,3.9794,False,정상,RSSI 변화 환경,39.62264150943396,0.9785714285714285,0.6781609195402298,85.26830478752571,39.62264150943396,1.9116676380825068,True,18.89864265914351
FREE1_1H_R1,32,-71,390.0,35,8,0.0,4.4078,1.2601,5.6678999999999995,False,정상,RSSI 변화 환경,49.056603773584904,0.9571428571428572,0.6551724137931034,83.06007789246232,49.056603773584904,2.11721919922792,True,22.26350861114032
FREE1_1H_R1,33,-77,390.0,47,5,0.0,5.0229,1.4681,6.491,False,정상,RSSI 변화 환경,37.735849056603776,0.9785714285714285,0.5172413793103448,78.52489877045831,37.735849056603776,1.5876941120851618,True,13.595216691944787
FREE1_1H_R1,34,-74,390.0,34,5,0.0,5.023,1.468,6.491,False,정상,RSSI 변화 환경,43.39622641509434,0.9785714285714285,0.6666666666666667,84.78663292916376,43.39622641509434,1.929962663455534,True,19.198131058188395
FREE1_1H_R1,35,-74,424.25,19,6,0.0,6.0681,0.4177,6.4858,False,정상,RSSI 변화 환경,43.39622641509434,0.9714285714285714,0.8390804597701149,91.59674974514661,43.39622641509434,2.476701406289326,True,28.14820942367212
FREE1_1H_R1,36,-76,390.0,23,9,0.0,6.6936,2.0849,8.778500000000001,False,정상,RSSI 변화 환경,39.62264150943396,0.95,0.7931034482758621,88.42517913335928,39.62264150943396,2.1811910261880456,True,23.31072334026067
FREE1_1H_R1,37,-77,390.0,17,4,0.0,3.3513,1.2583,4.6096,False,정상,RSSI 변화 환경,37.735849056603776,0.9857142857142858,0.8620689655172413,93.39001558076352,37.735849056603776,2.33012841562771,True,25.74881891059927
FREE1_1H_R1,38,-78,458.75,24,4,0.0,6.2739,1.6759,7.9498,False,정상,RSSI 변화 환경,35.84905660377358,0.9857142857142858,0.7816091954022988,90.01831257222983,35.84905660377358,1.8985615103353985,True,18.684096183441643
FREE1_1H_R1,39,-75,390.0,29,8,0.0,7.1324,3.3501,10.4825,False,정상,RSSI 변화 환경,41.509433962264154,0.9571428571428572,0.7241379310344828,85.95010904263405,41.509433962264154,1.8662059014010821,True,18.154436927863497
FREE1_1H_R1,40,-74,458.75,29,10,0.0,4.4003,1.8822,6.2825,False,정상,RSSI 변화 환경,43.39622641509434,0.9428571428571428,0.7241379310344828,85.12018692374104,43.39622641509434,2.0000814672514906,True,20.345971406240277
FREE1_1H_R1,41,-78,458.75,28,6,0.0,3.7636,1.6773,5.4409,False,정상,RSSI 변화 환경,35.84905660377358,0.9714285714285714,0.735632183908046,87.261703019889,35.84905660377358,1.8370887502602677,True,17.67779101991264
FREE1_1H_R1,42,-79,458.75,37,6,0.0,1.4624,0.8378,2.3002,False,정상,RSSI 변화 환경,33.9622641509434,0.9714285714285714,0.632183908045977,82.92665629463139,33.9622641509434,1.4283369167258546,True,10.986549562966367
FREE1_1H_R1,43,-78,458.75,44,13,0.0,8.1608,1.257,9.4178,False,정상,RSSI 변화 환경,35.84905660377358,0.9214285714285715,0.5517241379310345,76.6502258699722,35.84905660377358,1.2601924392803014,True,8.234035186427109
FREE1_1H_R1,44,-78,458.75,30,19,0.0,1.882,3.1327,5.0146999999999995,False,정상,RSSI 변화 환경,35.84905660377358,0.8785714285714286,0.7126436781609196,80.9038655303606,35.84905660377358,1.5876064668399272,True,13.593781944867697
FREE1_1H_R1,45,-79,458.75,19,5,0.0,4.4045,2.3004,6.704899999999999,False,정상,RSSI 변화 환경,33.9622641509434,0.9785714285714285,0.8390804597701149,92.01171080459311,33.9622641509434,1.914825703771244,True,18.95033999314081
FREE1_1H_R1,46,-78,458.75,36,6,0.0,7.3258,2.3039,9.6297,False,정상,RSSI 변화 환경,35.84905660377358,0.9714285714285714,0.6436781609195402,83.40832815299335,35.84905660377358,1.3828247071164066,True,10.24151759307227
FREE1_1H_R1,47,-80,458.75,27,7,0.0,3.5511,3.5571,7.1082,False,정상,RSSI 변화 환경,32.075471698113205,0.9642857142857143,0.7471264367816092,87.32841381880445,32.075471698113205,1.514549421161557,True,12.39784276451422
FREE1_1H_R1,48,-76,390.0,23,4,0.0,9.236,1.8852,11.1212,False,정상,RSSI 변화 환경,39.62264150943396,0.9857142857142858,0.7931034482758621,90.49998443059178,39.62264150943396,1.8571836204412646,True,18.00674276372352
FREE1_1H_R1,49,-75,390.0,34,24,0.0,7.1393,2.3068,9.446100000000001,True,혼잡,RSSI 변화 환경,41.509433962264154,0.8428571428571429,0.6666666666666667,76.9023727996803,76.9023727996803,1.6909945918618354,True,15.286238960462454
FREE1_1H_R1,50,-78,390.0,24,4,0.0,10.241,2.7276,12.968599999999999,False,정상,RSSI 변화 환경,35.84905660377358,0.9857142857142858,0.7816091954022988,90.01831257222983,35.84905660377358,1.8839982207964505,True,18.445696062101717
FREE1_1H_R1,51,-71,390.0,29,5,0.0,11.099,2.5117,13.6107,False,정상,RSSI 변화 환경,49.056603773584904,0.9785714285714285,0.7241379310344828,87.19499222097353,49.056603773584904,2.124678504222597,True,22.38561695837098
FREE1_1H_R1,52,-74,390.0,28,3,0.0,4.1922,2.519,6.7112,False,정상,RSSI 변화 환경,43.39622641509434,0.9928571428571429,0.735632183908046,88.50658619822849,43.39622641509434,2.165141516336809,True,23.047993887155428
FREE1_1H_R1,53,-75,390.0,30,7,0.0,3.1325,3.7642,6.8967,False,정상,RSSI 변화 환경,41.509433962264154,0.9642857142857143,0.7126436781609196,85.88339824371859,41.509433962264154,2.042114350295546,True,21.03404702206667
FREE1_1H_R1,54,-75,390.0,25,6,0.0,9.4204,2.9277,12.3481,False,정상,RSSI 변화 환경,41.509433962264154,0.9714285714285714,0.7701149425287357,88.70671859497487,41.509433962264154,2.1588113935227375,True,22.944370180235683
FREE1_1H_R1,55,-77,458.75,55,10,0.0,4.3941,2.9316,7.325699999999999,False,정상,RSSI 변화 환경,37.735849056603776,0.9428571428571428,0.4252873563218391,72.59671860633017,37.735849056603776,1.3323347271407813,True,9.41499983961772
FREE1_1H_R1,56,-71,390.0,32,7,0.0,3.9759,1.6742,5.6501,False,정상,RSSI 변화 환경,49.056603773584904,0.9642857142857143,0.6896551724137931,84.92005452699468,49.056603773584904,2.119551277815907,True,22.30168458895519
FREE1_1H_R1,57,-77,390.0,16,3,0.0,9.8181,3.7754,13.593499999999999,False,정상,RSSI 변화 환경,37.735849056603776,0.9928571428571429,0.8735632183908046,94.28664849857198,37.735849056603776,2.483008878068921,True,28.25146233460149
FREE1_1H_R1,58,-71,390.0,31,3,0.0,9.1805,3.1388,12.3193,False,정상,RSSI 변화 환경,49.056603773584904,0.9928571428571429,0.7011494252873562,87.06157062314263,49.056603773584904,2.1956318034465,True,23.5471179433791
FREE1_1H_R1,59,-74,390.0,24,3,0.0,8.7841,3.3551,12.1392,False,정상,RSSI 변화 환경,43.39622641509434,0.9928571428571429,0.7816091954022988,90.43327363167633,43.39622641509434,2.3603222498782834,True,26.24309005241812
FREE1_1H_R1,60,-75,390.0,20,5,0.0,3.3419,4.1853,7.5272,False,정상,RSSI 변화 환경,41.509433962264154,0.9785714285714285,0.8275862068965517,91.53003894623114,41.509433962264154,2.4193030853669977,True,27.20860256932818
FREE1_1H_R1,61,-77,390.0,32,6,0.0,7.3289,2.5092,9.8381,False,정상,RSSI 변화 환경,37.735849056603776,0.9714285714285714,0.6896551724137931,85.33501558644117,37.735849056603776,1.827346783050491,True,17.518315637740976
FREE1_1H_R1,62,-72,390.0,28,5,0.0,3.3454,2.9198,6.2652,False,정상,RSSI 변화 환경,47.16981132075472,0.9785714285714285,0.735632183908046,87.6766640793355,47.16981132075472,2.1937823712429916,True,23.516842856109342
FREE1_1H_R1,63,-73,390.0,34,5,0.0,3.1376,3.1489,6.2865,False,정상,RSSI 변화 환경,45.28301886792453,0.9785714285714285,0.6666666666666667,84.78663292916376,45.28301886792453,2.0723023121010455,True,21.52822203233403
FREE1_1H_R1,64,-74,458.75,20,4,0.0,5.4428,4.1842,9.626999999999999,False,정상,RSSI 변화 환경,43.39622641509434,0.9857142857142858,0.8275862068965517,91.94500000567766,43.39622641509434,2.4953935258618785,True,28.4541982294484
FREE1_1H_R1,65,-71,424.25,17,7,0.0,4.8081,2.7194,7.5275,False,정상,RSSI 변화 환경,49.056603773584904,0.9642857142857143,0.8620689655172413,92.14513240242403,49.056603773584904,2.8227957246340054,True,33.813751351391716
FREE1_1H_R1,66,-71,390.0,28,7,0.0,6.0615,2.2948,8.3563,False,정상,RSSI 변화 환경,49.056603773584904,0.9642857142857143,0.735632183908046,86.8467419604425,49.056603773584904,2.4785592289576996,True,28.178621862316827
FREE1_1H_R1,67,-75,390.0,31,7,0.0,5.8619,4.1844,10.0463,False,정상,RSSI 변화 환경,41.509433962264154,0.9642857142857143,0.7011494252873562,85.40172638535662,41.509433962264154,2.165311265765879,True,23.05077267448774
FREE1_1H_R2,3,-76,458.75,18,4,0.0,9.8408,5.2326,15.0734,False,정상,RSSI 변화 환경,39.62264150943396,0.9857142857142858,0.8505747126436781,92.90834372240157,39.62264150943396,2.279737631254074,True,24.923924982825543
FREE1_1H_R2,4,-75,390.0,29,3,0.0,9.424,4.609,14.033,False,정상,RSSI 변화 환경,41.509433962264154,0.9928571428571429,0.7241379310344828,88.02491433986654,41.509433962264154,1.9346413474086583,True,19.27472081623399
FREE1_1H_R2,5,-75,390.0,19,10,0.0,5.8563,5.6587,11.515,False,정상,RSSI 변화 환경,41.509433962264154,0.9428571428571428,0.8390804597701149,89.93690550736062,41.509433962264154,2.3425551473022073,True,25.95224371590413
FREE1_1H_R2,6,-72,390.0,35,8,0.0,9.6316,8.5853,18.216900000000003,False,정상,RSSI 변화 환경,47.16981132075472,0.9571428571428572,0.6551724137931034,83.06007789246232,47.16981132075472,2.024017915322742,True,20.737809535213255
FREE1_1H_R2,7,-77,390.0,16,4,0.0,10.0419,4.821,14.8629,False,정상,RSSI 변화 환경,37.735849056603776,0.9857142857142858,0.8735632183908046,93.87168743912548,37.735849056603776,2.470696624726833,True,28.049911532300154
FREE1_1H_R2,8,-75,390.0,19,5,0.0,9.0034,3.7578,12.761199999999999,False,정상,RSSI 변화 환경,41.509433962264154,0.9785714285714285,0.8390804597701149,92.01171080459311,41.509433962264154,2.355012377658036,True,26.156167782678093
FREE1_1H_R2,9,-73,390.0,23,8,0.0,12.9884,5.6659,18.6543,False,정상,RSSI 변화 환경,45.28301886792453,0.9571428571428572,0.7931034482758621,88.84014019280579,45.28301886792453,2.3196621975656413,True,25.577487588146724
FREE1_1H_R2,10,-71,424.25,12,5,0.0,13.3619,6.4806,19.8425,False,정상,RSSI 변화 환경,49.056603773584904,0.9785714285714285,0.9195402298850575,95.3834138131268,49.056603773584904,3.081236439292125,True,38.044409374697295
FREE1_1H_R2,11,-75,390.0,16,4,0.0,11.7155,6.4962,18.2117,False,정상,RSSI 변화 환경,41.509433962264154,0.9857142857142858,0.8735632183908046,93.87168743912548,41.509433962264154,2.6757218743331626,True,31.406161797954628
FREE1_1H_R2,12,-71,424.25,6,3,0.0,12.7645,9.0028,21.7673,False,정상,RSSI 변화 환경,49.056603773584904,0.9928571428571429,0.9885057471264368,99.10336708219154,49.056603773584904,3.730122393119772,True,48.66663107224507
FREE1_1H_R2,13,-73,390.0,19,4,0.0,9.8371,9.2102,19.0473,False,정상,RSSI 변화 환경,45.28301886792453,0.9857142857142858,0.8390804597701149,92.42667186403962,45.28301886792453,2.6824039629471303,True,31.51554716258078
FREE1_1H_R2,14,-74,390.0,8,4,0.0,9.4265,8.1711,17.5976,False,정상,RSSI 변화 환경,43.39622641509434,0.9857142857142858,0.9655172413793104,97.72506230602113,43.39622641509434,3.3533484009971297,True,42.49886484061563
FREE1_1H_R2,15,-76,390.0,8,4,0.0,7.9403,6.2744,14.2147,False,정상,RSSI 변화 환경,39.62264150943396,0.9857142857142858,0.9655172413793104,97.72506230602113,39.62264150943396,3.177033174476497,True,39.61259582260423
FREE1_1H_R2,16,-74,390.0,16,3,0.0,12.3512,6.7001,19.0513,False,정상,RSSI 변화 환경,43.39622641509434,0.9928571428571429,0.8735632183908046,94.28664849857198,43.39622641509434,2.6003783391732416,True,30.172792930552333
FREE1_1H_R2,17,-74,390.0,11,4,0.0,3.7359,5.8657,9.601600000000001,False,정상,RSSI 변화 환경,43.39622641509434,0.9857142857142858,0.9310344827586207,96.28004673093527,43.39622641509434,2.952856343977118,True,35.94283539864769
FREE1_1H_R2,18,-71,390.0,16,3,0.0,8.7817,5.67,14.4517,False,정상,RSSI 변화 환경,49.056603773584904,0.9928571428571429,0.8735632183908046,94.28664849857198,49.056603773584904,2.8332336577678667,True,33.984619651372675
FREE1_1H_R2,19,-74,390.0,7,5,0.0,10.4615,5.8533,16.314799999999998,False,정상,RSSI 변화 환경,43.39622641509434,0.9785714285714285,0.9770114942528736,97.79177310493658,43.39622641509434,3.4517419556436053,True,44.109561057569415
FREE1_1H_R2,20,-72,390.0,9,3,0.0,11.093,5.4266,16.5196,False,정상,RSSI 변화 환경,47.16981132075472,0.9928571428571429,0.9540229885057472,97.65835150710568,47.16981132075472,3.3254029546554182,True,42.04139966552967
FREE1_1H_R2,21,-71,390.0,5,4,0.0,13.178,7.1237,20.3017,False,정상,RSSI 변화 환경,49.056603773584904,0.9857142857142858,1.0,99.170077881107,49.056603773584904,3.928636445193034,True,51.9162934493734
FREE1_1H_R2,22,-71,390.0,6,3,0.0,13.1843,7.1151,20.2994,False,정상,RSSI 변화 환경,49.056603773584904,0.9928571428571429,0.9885057471264368,99.10336708219154,49.056603773584904,3.85944599260661,True,50.783650151438984
FREE1_1H_R2,23,-72,424.25,7,3,0.0,3.3432,5.6521,8.9953,False,정상,RSSI 변화 환경,47.16981132075472,0.9928571428571429,0.9770114942528736,98.62169522382959,47.16981132075472,3.662526824155603,True,47.56009591753282
FREE1_1H_R2,24,-75,390.0,9,3,0.0,8.7892,5.0573,13.846499999999999,False,정상,RSSI 변화 환경,41.509433962264154,0.9928571428571429,0.9540229885057472,97.65835150710568,41.509433962264154,3.2314797032181746,True,40.50388202712826
FREE1_1H_R2,25,-76,390.0,16,4,0.0,10.2578,6.2722,16.53,False,정상,RSSI 변화 환경,39.62264150943396,0.9857142857142858,0.8735632183908046,93.87168743912548,39.62264150943396,2.5552146380994816,True,29.433466023169956
FREE1_1H_R2,26,-73,390.0,12,4,0.0,12.7744,6.9122,19.6866,False,정상,RSSI 변화 환경,45.28301886792453,0.9857142857142858,0.9195402298850575,95.7983748725733,45.28301886792453,2.9086082223404226,True,35.21849646828168
FREE1_1H_R2,27,-76,390.0,16,2,0.0,11.7286,5.0143,16.7429,False,정상,RSSI 변화 환경,39.62264150943396,1.0,0.8735632183908046,94.70160955801848,39.62264150943396,2.5229692039595646,True,28.90561032195247
FREE1_1H_R2,28,-74,390.0,27,3,0.0,12.3613,8.7971,21.1584,False,정상,RSSI 변화 환경,43.39622641509434,0.9928571428571429,0.7471264367816092,88.98825805659045,43.39622641509434,2.1334500555379403,True,22.52920669421498
FREE1_1H_R2,29,-73,424.25,9,5,0.0,11.2975,8.5968,19.8943,False,정상,RSSI 변화 환경,45.28301886792453,0.9785714285714285,0.9540229885057472,96.82842938821267,45.28301886792453,3.1813982793055953,True,39.684052310380245
FREE1_1H_R2,30,-71,390.0,8,4,0.0,10.4786,7.7489,18.2275,False,정상,RSSI 변화 환경,49.056603773584904,0.9857142857142858,0.9655172413793104,97.72506230602113,49.056603773584904,3.4837410814703613,True,44.633384707402676
FREE1_1H_R2,31,-76,390.0,22,4,0.0,10.2556,7.9403,18.195899999999998,False,정상,RSSI 변화 환경,39.62264150943396,0.9857142857142858,0.8045977011494253,90.98165628895374,39.62264150943396,2.350973418410967,True,26.090050277288046
FREE1_1H_R2,32,-74,390.0,14,4,0.0,11.931,4.8189,16.7499,False,정상,RSSI 변화 환경,43.39622641509434,0.9857142857142858,0.896551724137931,94.83503115584939,43.39622641509434,2.7455527111970124,True,32.54928814568588
FREE1_1H_R2,33,-76,390.0,15,3,0.0,11.9294,6.8973,18.8267,False,정상,RSSI 변화 환경,39.62264150943396,0.9928571428571429,0.8850574712643678,94.76832035693394,39.62264150943396,2.5719347504091887,True,29.70717319576932
FREE1_1H_R2,34,-77,390.0,29,10,0.0,11.5497,7.7433,19.293,False,정상,RSSI 변화 환경,37.735849056603776,0.9428571428571428,0.7241379310344828,85.12018692374104,37.735849056603776,1.865172450406693,True,18.137519400968056
FREE1_1H_R2,35,-76,390.0,11,4,0.0,8.167,6.9117,15.0787,False,정상,RSSI 변화 환경,39.62264150943396,0.9857142857142858,0.9310344827586207,96.28004673093527,39.62264150943396,2.7079466841016093,True,31.93367987952596
FREE1_1H_R2,36,-75,390.0,23,11,0.0,11.7204,8.3674,20.0878,False,정상,RSSI 변화 환경,41.509433962264154,0.9357142857142857,0.7931034482758621,87.59525701446628,41.509433962264154,2.1299699533928687,True,22.472237643957374
FREE1_1H_R2,37,-72,390.0,14,3,0.0,12.1543,9.0155,21.1698,False,정상,RSSI 변화 환경,47.16981132075472,0.9928571428571429,0.896551724137931,95.24999221529589,47.16981132075472,2.790514540674729,True,33.28531042791037
FREE1_1H_R2,38,-75,390.0,8,4,0.0,14.4281,5.0114,19.439500000000002,False,정상,RSSI 변화 환경,41.509433962264154,0.9857142857142858,0.9655172413793104,97.72506230602113,41.509433962264154,3.2164538781795287,True,40.25791022914502
FREE1_1H_R2,39,-77,390.0,12,4,0.0,10.8879,7.9501,18.838,False,정상,RSSI 변화 환경,37.735849056603776,0.9857142857142858,0.9195402298850575,95.7983748725733,37.735849056603776,2.6627864218702406,True,31.194409265774308
FREE1_1H_R2,40,-76,390.0,17,3,0.0,14.2024,8.1587,22.3611,False,정상,RSSI 변화 환경,39.62264150943396,0.9928571428571429,0.8620689655172413,93.80497664021001,39.62264150943396,2.3588306536740644,True,26.21867271764461
FREE1_1H_R2,41,-77,390.0,6,3,0.0,14.2354,4.3982,18.6336,False,정상,RSSI 변화 환경,37.735849056603776,0.9928571428571429,0.9885057471264368,99.10336708219154,37.735849056603776,3.1936592364289442,True,39.88476339685097
FREE1_1H_R2,42,-77,458.75,14,3,0.0,10.0608,6.9089,16.9697,False,정상,RSSI 변화 환경,37.735849056603776,0.9928571428571429,0.896551724137931,95.24999221529589,37.735849056603776,2.3974406365780325,True,26.850715676388347
FREE1_1H_R2,43,-77,390.0,12,7,0.0,11.0957,9.4204,20.5161,False,정상,RSSI 변화 환경,37.735849056603776,0.9642857142857143,0.9195402298850575,94.55349169423381,37.735849056603776,2.507678873035979,True,28.65530857949506
FREE1_1H_R2,44,-75,390.0,19,4,0.0,10.4581,3.9558,14.4139,False,정상,RSSI 변화 환경,41.509433962264154,0.9857142857142858,0.8390804597701149,92.42667186403962,41.509433962264154,2.252496793543245,True,24.477994206108193
FREE1_1H_R2,45,-71,390.0,10,4,0.0,12.5581,5.0172,17.5753,False,정상,RSSI 변화 환경,49.056603773584904,0.9857142857142858,0.9425287356321839,96.76171858929722,49.056603773584904,3.110603528036191,True,38.52514674527981
FREE1_1H_R2,46,-77,390.0,11,3,0.0,6.4877,6.0633,12.551,False,정상,RSSI 변화 환경,37.735849056603776,0.9928571428571429,0.9310344827586207,96.69500779038177,37.735849056603776,2.8115195667722546,True,33.6291613660522
FREE1_1H_R2,47,-72,390.0,12,5,0.0,5.4381,6.0796,11.517700000000001,False,정상,RSSI 변화 환경,47.16981132075472,0.9785714285714285,0.9195402298850575,95.3834138131268,47.16981132075472,2.938140123806412,True,35.701931812615236
FREE1_1H_R2,48,-76,390.0,10,5,0.0,1.0393,4.3907,5.43,False,정상,RSSI 변화 환경,39.62264150943396,0.9785714285714285,0.9425287356321839,96.3467575298507,39.62264150943396,2.9320025265787537,True,35.60145973727153
FREE1_1H_R2,49,-78,390.0,15,3,0.0,14.635,8.8023,23.4373,False,정상,RSSI 변화 환경,35.84905660377358,0.9928571428571429,0.8850574712643678,94.76832035693394,35.84905660377358,2.3914369493141985,True,26.752435698615663
FREE1_1H_R2,50,-75,390.0,13,3,0.0,14.8344,7.7507,22.5851,False,정상,RSSI 변화 환경,41.509433962264154,0.9928571428571429,0.9080459770114943,95.73166407365784,41.509433962264154,2.606836221416992,True,30.27850805119122
FREE1_1H_R2,51,-77,390.0,12,4,0.0,9.8344,5.0147,14.8491,False,정상,RSSI 변화 환경,37.735849056603776,0.9857142857142858,0.9195402298850575,95.7983748725733,37.735849056603776,2.5747174008303007,True,29.752725005768397
FREE1_1H_R2,52,-74,390.0,15,6,0.0,8.7894,5.2299,14.019300000000001,False,정상,RSSI 변화 환경,43.39622641509434,0.9714285714285714,0.8850574712643678,93.52343717859443,43.39622641509434,2.554675611704697,True,29.424642195450378
FREE1_1H_R2,53,-70,390.0,9,3,0.0,10.0457,5.6343,15.68,False,정상,RSSI 변화 환경,50.943396226415096,0.9928571428571429,0.9540229885057472,97.65835150710568,50.943396226415096,3.3331476600818397,True,42.16817999963365
FREE1_1H_R2,54,-77,458.75,16,20,0.0,7.1139,0.6272,7.7411,False,정상,RSSI 변화 환경,37.735849056603776,0.8714285714285714,0.8735632183908046,87.23231048798151,37.735849056603776,2.5396100546335676,True,29.1780199866283
FREE1_1H_R2,55,-77,390.0,8,3,0.0,10.4593,6.9163,17.3756,False,정상,RSSI 변화 환경,37.735849056603776,0.9928571428571429,0.9655172413793104,98.14002336546763,37.735849056603776,3.0144126123161845,True,36.95050758713364
FREE1_1H_R2,56,-74,390.0,9,3,0.0,9.2148,9.0058,18.2206,False,정상,RSSI 변화 환경,43.39622641509434,0.9928571428571429,0.9540229885057472,97.65835150710568,43.39622641509434,3.0194620872297264,True,37.03316716956328
FREE1_1H_R2,57,-77,390.0,9,7,0.0,14.2109,10.6887,24.8996,False,정상,RSSI 변화 환경,37.735849056603776,0.9642857142857143,0.9540229885057472,95.99850726931969,37.735849056603776,2.8831612973441527,True,34.801931928339364
FREE1_1H_R2,58,-77,390.0,21,3,0.0,16.9584,10.4706,27.429000000000002,False,정상,RSSI 변화 환경,37.735849056603776,0.9928571428571429,0.8160919540229885,91.87828920676219,37.735849056603776,2.076215574737491,True,21.59228189222135
FREE1_1H_R2,59,-75,390.0,5,6,0.0,11.5158,7.3236,18.8394,False,정상,RSSI 변화 환경,41.509433962264154,0.9714285714285714,1.0,98.340155762214,41.509433962264154,3.407686171475019,True,43.388370679294816
FREE1_1H_R2,60,-72,390.0,8,3,0.0,12.548,8.2812,20.8292,False,정상,RSSI 변화 환경,47.16981132075472,0.9928571428571429,0.9655172413793104,98.14002336546763,47.16981132075472,3.2835097942825486,True,41.355611300923236
FREE1_1H_R2,61,-77,390.0,11,3,0.0,13.5974,7.1243,20.7217,False,정상,RSSI 변화 환경,37.735849056603776,0.9928571428571429,0.9310344827586207,96.69500779038177,37.735849056603776,2.784419212919313,True,33.18553030113259
FREE1_1H_R2,62,-72,390.0,5,3,0.0,6.7142,6.4864,13.2006,False,정상,RSSI 변화 환경,47.16981132075472,0.9928571428571429,1.0,99.5850389405535,47.16981132075472,3.6768439022274135,True,47.79446557285173
FREE1_1H_R2,63,-77,390.0,7,5,0.0,6.4832,6.6879,13.1711,False,정상,RSSI 변화 환경,37.735849056603776,0.9785714285714285,0.9770114942528736,97.79177310493658,37.735849056603776,3.1770977062370394,True,39.61365220341039
FREE1_1H_R2,64,-77,458.75,8,8,0.0,5.4466,7.3181,12.764700000000001,False,정상,RSSI 변화 환경,37.735849056603776,0.9571428571428572,0.9655172413793104,96.06521806823514,37.735849056603776,2.9768683371651905,True,36.335910196367
FREE1_1H_R2,65,-72,390.0,8,5,0.0,9.8312,8.5989,18.430100000000003,False,정상,RSSI 변화 환경,47.16981132075472,0.9785714285714285,0.9655172413793104,97.31010124657462,47.16981132075472,3.254547390151515,True,40.88149859165734
FREE1_1H_R2,66,-78,390.0,11,4,0.0,13.8371,8.1681,22.005200000000002,False,정상,RSSI 변화 환경,35.84905660377358,0.9857142857142858,0.9310344827586207,96.28004673093527,35.84905660377358,2.7034994489560495,True,31.86087892370529
FREE1_1H_R2,67,-76,390.0,6,4,0.0,12.7484,4.6089,17.357300000000002,False,정상,RSSI 변화 환경,39.62264150943396,0.9857142857142858,0.9885057471264368,98.68840602274504,39.62264150943396,3.2467592461743346,True,40.754007171246656
MOVE_OPEN2_1H_R1,2,-52,1201.0,82,18,0.0,18.6356,49.9486,68.5842,True,혼잡,RSSI 변화 환경,84.90566037735849,0.8857142857142857,0.11494252873563215,56.271889954985355,56.271889954985355,4.1585102967316185,False,0.0
MOVE_OPEN2_1H_R1,3,-50,1201.0,30,8,0.0,5.0213,68.3369,73.3582,False,정상,RSSI 변화 환경,88.67924528301887,0.9571428571428572,0.7126436781609196,85.46843718427209,88.67924528301887,5.167046391709492,True,72.18898532496321
MOVE_OPEN2_1H_R1,4,-50,1201.0,22,15,0.0,13.5989,63.4809,77.0798,False,정상,RSSI 변화 환경,88.67924528301887,0.9071428571428571,0.8045977011494253,86.41708463504224,88.67924528301887,5.497828508438828,True,77.6038674883956
MOVE_OPEN2_1H_R1,5,-54,1201.0,18,17,0.0,11.0891,68.0413,79.13040000000001,False,정상,RSSI 변화 환경,81.13207547169812,0.8928571428571429,0.8505747126436781,87.51384994959709,81.13207547169812,5.435569321397068,True,76.58468856555776
MOVE_OPEN2_1H_R1,6,-54,1201.0,21,6,0.0,17.1668,61.8526,79.0194,False,정상,RSSI 변화 환경,81.13207547169812,0.9714285714285714,0.8160919540229885,90.63340602842268,81.13207547169812,5.180506510412136,True,72.40932661004021
MOVE_OPEN2_1H_R1,7,-50,1201.0,19,4,3.3333,32.2023,66.5311,98.73339999999999,False,정상,RSSI 변화 환경,88.67924528301887,0.9857142857142858,0.8390804597701149,92.42667186403962,88.67924528301887,5.490082017207984,True,77.47705792078705
MOVE_OPEN2_1H_R1,8,-50,1201.0,14,7,0.0,4.6034,59.329,63.9324,False,정상,RSSI 변화 환경,88.67924528301887,0.9642857142857143,0.896551724137931,93.5901479775099,88.67924528301887,5.84291476974052,True,83.25290758658532
MOVE_OPEN2_1H_R1,9,-64,960.75,15,5,0.0,17.371,65.8588,83.2298,False,정상,RSSI 변화 환경,62.264150943396224,0.9785714285714285,0.8850574712643678,93.93839823804093,62.264150943396224,4.91787852245391,True,68.11012318975142
MOVE_OPEN2_1H_R1,10,-72,960.75,41,10,0.0,15.926,69.743,85.669,False,정상,RSSI 변화 환경,47.16981132075472,0.9428571428571428,0.5862068965517242,79.34012462339757,47.16981132075472,3.067461854695486,True,37.81892030298288
MOVE_OPEN2_1H_R1,11,-65,924.75,27,21,0.0,6.6995,42.0076,48.7071,False,정상,RSSI 변화 환경,60.37735849056604,0.8642857142857143,0.7471264367816092,81.51895898655349,60.37735849056604,3.410651491900039,True,43.43691278561262
MOVE_OPEN2_1H_R1,12,-71,924.75,13,7,0.0,4.8027,65.7867,70.5894,False,정상,RSSI 변화 환경,49.056603773584904,0.9642857142857143,0.9080459770114943,94.07181983587185,49.056603773584904,3.640376823301275,True,47.1975018156145
MOVE_OPEN2_1H_R1,13,-70,888.75,19,8,0.0,7.9496,18.7236,26.6732,False,정상,RSSI 변화 환경,50.943396226415096,0.9571428571428572,0.8390804597701149,90.76682762625362,50.943396226415096,3.1780979208561035,True,39.63002565296059
MOVE_OPEN2_1H_R1,14,-69,924.75,24,5,0.0,19.2537,79.1188,98.37249999999999,False,정상,RSSI 변화 환경,52.83018867924528,0.9785714285714285,0.7816091954022988,89.60335151278332,52.83018867924528,2.9681026438350386,True,36.19241635536714
MOVE_OPEN2_1H_R1,15,-65,924.75,12,12,0.0,10.2636,70.5642,80.8278,False,정상,RSSI 변화 환경,60.37735849056604,0.9285714285714286,0.9195402298850575,92.47868639700131,60.37735849056604,3.81851632027362,True,50.11363402462282
MOVE_OPEN2_1H_R1,16,-62,960.75,33,23,3.3333,6.0743,28.0305,34.1048,True,혼잡,RSSI 변화 환경,66.0377358490566,0.85,0.6781609195402298,77.79900571748874,77.79900571748874,3.287203868598218,True,41.41608306197276
MOVE_OPEN2_1H_R1,17,-79,960.75,16,5,0.0,6.9114,30.8577,37.7691,False,정상,RSSI 변화 환경,33.9622641509434,0.9785714285714285,0.8735632183908046,93.45672637967897,33.9622641509434,2.9443876751127855,True,35.80420382921792
MOVE_OPEN2_1H_R1,18,-79,960.75,35,5,0.0,5.6398,34.613,40.2528,False,정상,RSSI 변화 환경,33.9622641509434,0.9785714285714285,0.6551724137931034,84.3049610708018,33.9622641509434,1.791641097112878,True,16.933815835186948
MOVE_OPEN2_1H_R1,19,-79,816.5,15,6,0.0,11.8783,9.4229,21.3012,False,정상,RSSI 변화 환경,33.9622641509434,0.9714285714285714,0.8850574712643678,93.52343717859443,33.9622641509434,2.287405786531106,True,25.049452195864113
MOVE_OPEN2_1H_R1,20,-47,1201.0,23,9,0.0,45.6015,45.6562,91.2577,False,정상,RSSI 변화 환경,94.33962264150944,0.95,0.7931034482758621,88.42517913335928,94.33962264150944,3.912151015160334,True,51.64642801068759
MOVE_OPEN2_1H_R1,21,-48,1201.0,15,6,0.0,13.8514,61.8657,75.7171,False,정상,RSSI 변화 환경,92.45283018867924,0.9714285714285714,0.8850574712643678,93.52343717859443,92.45283018867924,5.229329049903632,True,73.20854846906923
MOVE_OPEN2_1H_R1,22,-47,1201.0,39,6,0.0,10.8851,62.5252,73.41029999999999,False,정상,RSSI 변화 환경,94.33962264150944,0.9714285714285714,0.6091954022988506,81.96331257790747,94.33962264150944,4.9350845044159355,True,68.39178401758494
MOVE_OPEN2_1H_R1,23,-47,1201.0,41,6,0.0,16.7533,52.9118,69.6651,False,정상,RSSI 변화 환경,94.33962264150944,0.9714285714285714,0.5862068965517242,80.99996886118356,94.33962264150944,5.151457625110988,True,71.93379820953271
MOVE_OPEN2_1H_R1,24,-47,1201.0,36,12,0.0,16.1171,61.7883,77.9054,False,정상,RSSI 변화 환경,94.33962264150944,0.9285714285714286,0.6436781609195402,80.91856179631436,94.33962264150944,5.399520991699934,True,75.99457970650397
MOVE_OPEN2_1H_R1,25,-46,1201.0,19,5,0.0,15.6894,39.6107,55.3001,False,정상,RSSI 변화 환경,96.22641509433963,0.9785714285714285,0.8390804597701149,92.01171080459311,96.22641509433963,6.095945841610934,True,87.395010102322
MOVE_OPEN2_1H_R1,26,-47,1201.0,51,16,0.0,31.9172,55.0866,87.0038,False,정상,RSSI 변화 환경,94.33962264150944,0.9,0.47126436781609193,72.03363968309901,94.33962264150944,5.233696680683552,True,73.28004630649917
MOVE_OPEN2_1H_R1,27,-45,1201.0,9,5,0.0,8.1346,51.7302,59.8648,False,정상,RSSI 변화 환경,98.11320754716981,0.9785714285714285,0.9540229885057472,96.82842938821267,98.11320754716981,6.86595433189041,True,100.0
MOVE_OPEN2_1H_R1,28,-44,1201.0,23,16,0.0,4.3868,59.9241,64.3109,False,정상,RSSI 변화 환경,100.0,0.9,0.7931034482758621,85.5204517172338,100.0,6.183431306317257,True,88.82714158234842
MOVE_OPEN2_1H_R2,2,-44,1201.0,16,17,0.0,5.8557,67.6884,73.5441,False,정상,RSSI 변화 환경,100.0,0.8928571428571429,0.8735632183908046,88.477193666321,100.0,6.631411563573255,True,96.1605498347971
MOVE_OPEN2_1H_R2,3,-73,816.5,33,22,6.6667,18.8699,62.1165,80.9864,True,혼잡,RSSI 변화 환경,45.28301886792453,0.8571428571428572,0.6781609195402298,78.21396677693524,78.21396677693524,4.083834017642179,True,54.45686781648925
MOVE_OPEN2_1H_R2,4,-67,924.75,31,6,0.0,12.155,45.1462,57.3012,False,정상,RSSI 변화 환경,56.60377358490566,0.9714285714285714,0.7011494252873562,85.81668744480312,56.60377358490566,3.5722282462723207,True,46.08191395413609
MOVE_OPEN2_1H_R2,5,-71,888.75,52,6,0.0,6.7052,61.1121,67.8173,False,정상,RSSI 변화 환경,49.056603773584904,0.9714285714285714,0.45977011494252873,75.70157841920204,49.056603773584904,2.5732090982214544,True,29.728034188216178
MOVE_OPEN2_1H_R2,6,-65,960.75,25,20,6.6667,6.8567,55.7032,62.5599,False,정상,RSSI 변화 환경,60.37735849056604,0.8714285714285714,0.7701149425287357,82.8972637627239,60.37735849056604,3.3309508630804445,True,42.132218572767066
MOVE_OPEN2_1H_R2,7,-73,888.75,17,7,0.0,0.4183,64.6461,65.0644,False,정상,RSSI 변화 환경,45.28301886792453,0.9642857142857143,0.8620689655172413,92.14513240242403,45.28301886792453,3.205969666856345,True,40.08628435815509
MOVE_OPEN2_1H_R2,8,-72,888.75,11,15,0.0,11.3301,69.52,80.8501,False,정상,RSSI 변화 환경,47.16981132075472,0.9071428571428571,0.9310344827586207,91.71547507702377,47.16981132075472,3.4091429566393696,True,43.41221815956489
MOVE_OPEN2_1H_R2,9,-83,924.75,18,7,0.0,9.6092,69.4433,79.0525,False,정상,RSSI 변화 환경,26.41509433962264,0.9642857142857143,0.8505747126436781,91.66346054406206,26.41509433962264,2.164508250462668,True,23.037627365166564
MOVE_OPEN2_1H_R2,10,-73,888.75,15,7,3.3333,4.8102,48.8001,53.6103,False,정상,RSSI 변화 환경,45.28301886792453,0.9642857142857143,0.8850574712643678,93.10847611914794,45.28301886792453,2.586819292119669,True,29.95083219467734
MOVE_OPEN2_1H_R2,11,-69,888.75,7,4,6.6667,9.6265,56.0854,65.7119,False,정상,RSSI 변화 환경,52.83018867924528,0.9857142857142858,0.9770114942528736,98.20673416438309,52.83018867924528,3.6278402349558942,True,46.99227866361067
MOVE_OPEN2_1H_R2,12,-71,924.75,9,15,0.0,23.6331,40.3151,63.9482,False,정상,RSSI 변화 환경,49.056603773584904,0.9071428571428571,0.9540229885057472,92.6788187937477,49.056603773584904,3.47989065620931,True,44.57035349134465
MOVE_OPEN2_1H_R2,13,-55,1201.0,7,9,0.0,28.8846,124.9588,153.8434,False,정상,RSSI 변화 환경,79.24528301886792,0.95,0.9770114942528736,96.13192886715059,79.24528301886792,4.787206116353204,True,65.97102423227517
MOVE_OPEN2_1H_R2,15,-50,1201.0,12,8,3.3333,15.7022,168.1681,183.87030000000001,False,정상,RSSI 변화 환경,88.67924528301887,0.9571428571428572,0.9195402298850575,94.13853063478732,88.67924528301887,5.196402784162739,True,72.66954759794692
MOVE_OPEN2_1H_R2,16,-49,1201.0,8,4,0.0,26.7813,164.6582,191.4395,False,정상,RSSI 변화 환경,90.56603773584906,0.9857142857142858,0.9655172413793104,97.72506230602113,90.56603773584906,6.082082001948331,True,87.16805993086777
MOVE_OPEN2_1H_R2,17,-53,1201.0,12,13,0.0,26.1376,158.7664,184.904,False,정상,RSSI 변화 환경,83.01886792452831,0.9214285714285715,0.9195402298850575,92.06372533755483,83.01886792452831,5.690125969300577,True,80.7517646637004
MOVE_OPEN2_1H_R2,18,-51,1201.0,12,8,0.0,24.3345,181.1509,205.4854,False,정상,RSSI 변화 환경,86.79245283018868,0.9571428571428572,0.9195402298850575,94.13853063478732,86.79245283018868,5.816705541422047,True,82.82386418985554
MOVE_OPEN2_1H_R2,19,-49,1201.0,12,5,0.0,13.3548,135.5461,148.9009,False,정상,RSSI 변화 환경,90.56603773584906,0.9785714285714285,0.9195402298850575,95.3834138131268,90.56603773584906,6.012872451278278,True,86.03510399852185
MOVE_OPEN2_1H_R2,20,-49,1201.0,10,5,0.0,15.7139,165.8387,181.55259999999998,False,정상,RSSI 변화 환경,90.56603773584906,0.9785714285714285,0.9425287356321839,96.3467575298507,90.56603773584906,6.263209861553862,True,90.13311144567263
MOVE_OPEN2_1H_R2,21,-50,1201.0,11,6,0.0,37.0462,176.3955,213.4417,False,정상,RSSI 변화 환경,88.67924528301887,0.9714285714285714,0.9310344827586207,95.45012461204226,88.67924528301887,6.181663904770266,True,88.7982093316964
MOVE_OPEN2_1H_R2,22,-51,1201.0,17,4,0.0,19.4769,185.9013,205.3782,False,정상,RSSI 변화 환경,86.79245283018868,0.9857142857142858,0.8620689655172413,93.39001558076352,86.79245283018868,5.735181026068978,True,81.48931307073013
MOVE_OPEN2_1H_R2,23,-51,1201.0,15,4,0.0,20.2269,147.2338,167.4607,False,정상,RSSI 변화 환경,86.79245283018868,0.9857142857142858,0.8850574712643678,94.35335929748744,86.79245283018868,5.804614881266788,True,82.62594085389598
MOVE_OPEN2_1H_R2,24,-49,1201.0,33,5,0.0,73.3027,151.9382,225.2409,False,정상,RSSI 변화 환경,90.56603773584906,0.9785714285714285,0.6781609195402298,85.26830478752571,90.56603773584906,5.23207381468253,True,73.25348009352048
MOVE_OPEN2_1H_R2,25,-60,1201.0,22,22,0.0,12.3227,96.8098,109.1325,True,혼잡,RSSI 변화 환경,69.81132075471697,0.8571428571428572,0.8045977011494253,83.51235721891676,83.51235721891676,4.909273573748426,True,67.96926072800986
MOVE_OPEN2_1H_R2,26,-70,960.75,35,6,0.0,9.6394,73.1843,82.82369999999999,False,정상,RSSI 변화 환경,50.943396226415096,0.9714285714285714,0.6551724137931034,83.8900000113553,50.943396226415096,3.5069719787422797,True,45.01367301476959
MOVE_OPEN2_1H_R2,27,-65,924.75,12,5,0.0,20.488,94.3496,114.8376,False,정상,RSSI 변화 환경,60.37735849056604,0.9785714285714285,0.9195402298850575,95.3834138131268,60.37735849056604,4.251449815748295,True,57.200727745945336
MOVE_OPEN2_1H_R2,28,-71,816.5,15,8,0.0,15.2749,105.1155,120.3904,False,정상,RSSI 변화 환경,49.056603773584904,0.9571428571428572,0.8850574712643678,92.69351505970144,49.056603773584904,3.5923575048569356,True,46.41142863392193
MOVE_OPEN2_1H_R2,29,-70,888.75,12,5,0.0,23.9302,80.7673,104.6975,False,정상,RSSI 변화 환경,50.943396226415096,0.9785714285714285,0.9195402298850575,95.3834138131268,50.943396226415096,3.593607994060042,True,46.43189906245784
MOVE_OPEN2_1H_R2,30,-70,888.75,12,7,0.0,0.4183,21.1284,21.546699999999998,False,정상,RSSI 변화 환경,50.943396226415096,0.9642857142857143,0.9195402298850575,94.55349169423381,50.943396226415096,3.506113877744582,True,44.99962595614137
MOVE_OPEN2_1H_R2,31,-68,924.75,61,131,0.0,0.418,0.6264,1.0444,True,혼잡,RSSI 변화 환경,54.71698113207547,0.07857142857142863,0.3563218390804598,19.496399263132144,19.496399263132144,2.196520398297123,True,23.561664184435692
CONGESTED_OPEN2_R1,2,-51,1201.0,50,7,0.0,33.2445,64.7117,97.9562,False,정상,RSSI 양호·혼잡 환경,86.79245283018868,0.9642857142857143,0.48275862068965514,76.24996107647945,86.79245283018868,4.715802899775644,True,64.80215812887002
CONGESTED_OPEN2_R1,3,-53,1201.0,47,9,0.0,103.9524,70.7138,174.6662,False,정상,RSSI 양호·혼잡 환경,83.01886792452831,0.95,0.5172413793103448,76.86505453267232,83.01886792452831,4.638791418615037,True,63.54148509176838
CONGESTED_OPEN2_R1,4,-52,1201.0,32,7,0.0,79.3099,60.8244,140.1343,False,정상,RSSI 양호·혼잡 환경,84.90566037735849,0.9642857142857143,0.6896551724137931,84.92005452699468,84.90566037735849,4.968394573209298,True,68.93706772020865
CONGESTED_OPEN2_R1,5,-47,1201.0,58,13,0.0,95.6088,29.7174,125.3262,True,혼잡,RSSI 양호·혼잡 환경,94.33962264150944,0.9214285714285715,0.3908045977011494,69.90681985290482,69.90681985290482,4.789446566091515,True,66.0077002516622
CONGESTED_OPEN2_R1,6,-51,1201.0,72,10,0.0,69.254,68.2485,137.5025,True,혼잡,RSSI 양호·혼잡 환경,86.79245283018868,0.9428571428571428,0.22988505747126442,64.40829701417691,64.40829701417691,4.501323568988056,True,61.29114515697792
CONGESTED_OPEN2_R1,7,-50,1201.0,58,11,0.0,68.8051,61.0996,129.9047,True,혼잡,RSSI 양호·혼잡 환경,88.67924528301887,0.9357142857142857,0.3908045977011494,70.73674197179781,70.73674197179781,4.706398363719331,True,64.64820647316924
CONGESTED_OPEN2_R1,8,-52,1201.0,61,13,0.0,27.6317,42.8955,70.5272,True,혼잡,RSSI 양호·혼잡 환경,84.90566037735849,0.9214285714285715,0.3563218390804598,68.46180427781894,68.46180427781894,4.536256748221076,True,61.86299907402522
CONGESTED_OPEN2_R1,9,-51,1201.0,88,13,0.0,55.9859,68.4746,124.4605,True,혼잡,RSSI 양호·혼잡 환경,86.79245283018868,0.9214285714285715,0.04597701149425293,55.45666410204612,55.45666410204612,4.227237536422471,False,0.0
CONGESTED_OPEN2_R1,10,-53,1201.0,41,12,0.0,56.3745,26.7409,83.1154,False,정상,RSSI 양호·혼잡 환경,83.01886792452831,0.9285714285714286,0.5862068965517242,78.51020250450458,83.01886792452831,4.752302260321171,True,65.39965033415868
CONGESTED_OPEN2_R1,11,-51,1201.0,63,26,0.0,38.0172,54.2057,92.22290000000001,True,혼잡,RSSI 양호·혼잡 환경,86.79245283018868,0.8285714285714285,0.33333333333333337,62.10396678829054,62.10396678829054,4.449776108479474,True,60.44731651461347
CONGESTED_OPEN2_R1,12,-49,1201.0,41,26,0.0,50.8157,25.9518,76.7675,True,혼잡,RSSI 양호·혼잡 환경,90.56603773584906,0.8285714285714285,0.5862068965517242,72.70074767225358,72.70074767225358,4.986394380757764,True,69.23172342228567
CONGESTED_OPEN2_R1,13,-50,1201.0,60,7,0.0,47.5341,58.6451,106.17920000000001,True,혼잡,RSSI 양호·혼잡 환경,88.67924528301887,0.9642857142857143,0.367816091954023,71.43324249285989,71.43324249285989,4.677378151848697,True,64.17314745489135
CONGESTED_OPEN2_R1,14,-50,1201.0,39,8,0.0,13.4185,57.8818,71.3003,False,정상,RSSI 양호·혼잡 환경,88.67924528301887,0.9571428571428572,0.6091954022988506,81.13339045901448,88.67924528301887,5.062631468469947,True,70.47971968800434
CONGESTED_OPEN2_R1,15,-50,1201.0,35,10,0.0,63.8608,95.0764,158.93720000000002,False,정상,RSSI 양호·혼잡 환경,88.67924528301887,0.9428571428571428,0.6551724137931034,82.23015577356931,88.67924528301887,5.159022673464586,True,72.05763756880776
CONGESTED_OPEN2_R1,16,-50,1201.0,41,7,0.0,33.4875,76.1137,109.60119999999999,False,정상,RSSI 양호·혼잡 환경,88.67924528301887,0.9642857142857143,0.5862068965517242,80.58500780173706,88.67924528301887,5.018024067208108,True,69.74949937307889
CONGESTED_OPEN2_R1,17,-50,1201.0,35,6,0.0,92.4217,77.2396,169.66129999999998,False,정상,RSSI 양호·혼잡 환경,88.67924528301887,0.9714285714285714,0.6551724137931034,83.8900000113553,88.67924528301887,5.1621856421096215,True,72.1094151638871
CONGESTED_OPEN2_R1,18,-52,1201.0,31,11,0.0,94.8056,53.3613,148.1669,False,정상,RSSI 양호·혼잡 환경,84.90566037735849,0.9357142857142857,0.7011494252873562,83.74188214757064,84.90566037735849,5.133007289428543,True,71.63176739062372
CONGESTED_OPEN2_R1,19,-54,1201.0,34,6,0.0,30.0155,77.8652,107.8807,False,정상,RSSI 양호·혼잡 환경,81.13207547169812,0.9714285714285714,0.6666666666666667,84.37167186971726,81.13207547169812,4.850457535852745,True,67.00644593719186
CONGESTED_OPEN2_R1,20,-51,1201.0,34,6,0.0,22.6047,66.7671,89.37180000000001,False,정상,RSSI 양호·혼잡 환경,86.79245283018868,0.9714285714285714,0.6666666666666667,84.37167186971726,86.79245283018868,4.950247169059575,True,68.63999587117837
CONGESTED_OPEN2_R1,21,-50,1201.0,68,8,0.0,82.3013,61.3923,143.6936,True,혼잡,RSSI 양호·혼잡 환경,88.67924528301887,0.9571428571428572,0.27586206896551724,67.16490656651774,67.16490656651774,4.47156970848794,True,60.80407635740565
CONGESTED_OPEN2_R1,22,-55,1201.0,38,17,0.0,53.709,57.7727,111.4817,False,정상,RSSI 양호·혼잡 환경,79.24528301886792,0.8928571428571429,0.6206896551724138,77.88041278235795,79.24528301886792,4.698372819519543,True,64.51682882624877
CONGESTED_OPEN2_R1,23,-55,1201.0,52,22,0.0,2.5139,23.6903,26.2042,True,혼잡,RSSI 양호·혼잡 환경,79.24528301886792,0.8571428571428572,0.45977011494252873,69.06220146805806,69.06220146805806,4.28813800341203,True,57.801311039121295
CONGESTED_OPEN2_R1,24,-55,1201.0,89,23,0.0,22.582,46.668,69.25,True,혼잡,RSSI 양호·혼잡 환경,79.24528301886792,0.85,0.03448275862068961,50.82538164921917,50.82538164921917,3.756871842278655,False,0.0
CONGESTED_OPEN2_R1,25,-54,1201.0,71,10,0.0,3.3465,54.093,57.4395,True,혼잡,RSSI 양호·혼잡 환경,81.13207547169812,0.9428571428571428,0.24137931034482762,64.88996887253886,64.88996887253886,3.9850786992712597,True,52.840249550428844
CONGESTED_OPEN2_R1,26,-51,1201.0,60,21,0.0,55.8672,54.1433,110.01050000000001,True,혼잡,RSSI 양호·혼잡 환경,86.79245283018868,0.8642857142857143,0.367816091954023,65.62378766060891,65.62378766060891,4.345961860032822,True,58.74788388572111
CONGESTED_OPEN2_R1,27,-55,1201.0,73,15,0.0,31.8771,53.7997,85.6768,True,혼잡,RSSI 양호·혼잡 환경,79.24528301886792,0.9071428571428571,0.2183908045977011,61.85181985858246,61.85181985858246,4.018849198456221,True,53.39307046921049
CONGESTED_OPEN2_R1,28,-51,1201.0,78,31,0.0,2.5129,20.071,22.5839,True,혼잡,RSSI 양호·혼잡 환경,86.79245283018868,0.7928571428571428,0.16091954022988508,52.804083615628706,52.804083615628706,4.1470989201221515,True,55.49251023693608
CONGESTED_OPEN2_R1,29,-50,1201.0,45,9,0.0,5.4466,4.2008,9.647400000000001,False,정상,RSSI 양호·혼잡 환경,88.67924528301887,0.95,0.5402298850574713,77.82839824939624,88.67924528301887,4.781582827443115,True,65.87897135130282
CONGESTED_OPEN2_R1,30,-53,1201.0,61,10,0.0,24.3332,40.3799,64.7131,True,혼잡,RSSI 양호·혼잡 환경,83.01886792452831,0.9428571428571428,0.3563218390804598,69.70668745615843,69.70668745615843,4.398221423779848,True,59.60336961270216
CONGESTED_OPEN2_R1,31,-51,1201.0,79,11,0.0,9.6351,74.6333,84.2684,True,혼잡,RSSI 양호·혼잡 환경,86.79245283018868,0.9357142857142857,0.14942528735632188,60.62163294619672,60.62163294619672,4.2520018127290635,True,57.209763901330604
CONGESTED_OPEN2_R1,32,-52,1201.0,59,25,0.0,4.1892,34.1418,38.331,True,혼잡,RSSI 양호·혼잡 환경,84.90566037735849,0.8357142857142857,0.3793103448275862,64.44561528118487,64.44561528118487,4.475488087410756,True,60.8682199705747
CONGESTED_OPEN2_R1,33,-55,1201.0,84,34,0.0,7.3521,1.2556,8.6077,True,혼잡,RSSI 양호·혼잡 환경,79.24528301886792,0.7714285714285715,0.09195402298850575,48.66916928711748,48.66916928711748,3.953656661310286,False,0.0
CONGESTED_OPEN2_R1,34,-53,1201.0,85,36,0.0,0.4159,23.2031,23.619,True,혼잡,RSSI 양호·혼잡 환경,83.01886792452831,0.7571428571428571,0.08045977011494254,47.35757530986252,47.35757530986252,3.967362013201127,False,0.0
CONGESTED_OPEN2_R1,35,-58,1080.8,87,56,0.0,3.3454,24.0745,27.419900000000002,True,혼잡,RSSI 양호·혼잡 환경,73.58490566037736,0.6142857142857143,0.05747126436781613,38.095010404208644,38.095010404208644,3.628328373127434,False,0.0
CONGESTED_OPEN2_R1,36,-52,1201.0,83,19,0.0,16.5442,58.5332,75.0774,True,혼잡,RSSI 양호·혼잡 환경,84.90566037735849,0.8785714285714286,0.10344827586206895,55.37525703717691,55.37525703717691,3.9071995617209034,False,0.0
CONGESTED_OPEN2_R1,37,-56,1201.0,78,26,0.0,88.2988,50.625,138.9238,True,혼잡,RSSI 양호·혼잡 환경,77.35849056603774,0.8285714285714285,0.16091954022988508,54.87888891286119,54.87888891286119,3.8157097853023076,True,50.06769122605961
CONGESTED_OPEN2_R1,38,-54,1201.0,56,10,0.0,31.8765,38.8818,70.75829999999999,True,혼잡,RSSI 양호·혼잡 환경,81.13207547169812,0.9428571428571428,0.4137931034482759,72.11504674796822,72.11504674796822,4.1615052409417945,True,55.72834079034777
CONGESTED_OPEN2_R1,39,-53,1201.0,87,54,0.0,0.6263,36.8659,37.492200000000004,True,혼잡,RSSI 양호·혼잡 환경,83.01886792452831,0.6285714285714286,0.05747126436781613,38.92493252310164,38.92493252310164,3.8770888277866784,False,0.0
CONGESTED_OPEN2_R1,40,-52,1201.0,84,24,0.0,1.0434,16.4446,17.488,True,혼잡,RSSI 양호·혼잡 환경,84.90566037735849,0.8428571428571429,0.09195402298850575,52.81877988158246,52.81877988158246,4.023451869947756,False,0.0
CONGESTED_OPEN2_R1,41,-53,1201.0,71,30,0.0,2.3017,19.6817,21.9834,True,혼잡,RSSI 양호·혼잡 환경,83.01886792452831,0.8,0.24137931034482762,56.5907476836089,56.5907476836089,4.159282824736627,True,55.69195997874865
CONGESTED_OPEN2_R1,42,-50,1201.0,77,32,3.3333,26.353,37.4645,63.8175,True,혼잡,RSSI 양호·혼잡 환경,88.67924528301887,0.7857142857142857,0.1724137931034483,52.870794414544164,52.870794414544164,4.28510928380972,True,57.75173109231297
CONGESTED_OPEN2_R1,43,-50,1201.0,83,29,0.0,2.5233,32.9268,35.4501,True,혼잡,RSSI 양호·혼잡 환경,88.67924528301887,0.8071428571428572,0.10344827586206895,51.22564644271193,51.22564644271193,4.314555334187071,False,0.0
CONGESTED_OPEN2_R1,44,-59,1201.0,84,13,0.0,4.1868,17.6352,21.822000000000003,True,혼잡,RSSI 양호·혼잡 환경,71.69811320754717,0.9214285714285715,0.09195402298850575,57.383351535493944,57.383351535493944,3.7571665663276503,False,0.0
CONGESTED_OPEN2_R1,45,-53,1201.0,82,15,0.0,28.7015,90.7586,119.4601,True,혼잡,RSSI 양호·혼잡 환경,83.01886792452831,0.9071428571428571,0.11494252873563215,57.51677313332485,57.51677313332485,3.901632225927967,False,0.0
CONGESTED_OPEN2_R1,46,-57,1201.0,51,23,0.0,47.7058,61.0933,108.79910000000001,True,혼잡,RSSI 양호·혼잡 환경,75.47169811320755,0.85,0.47126436781609193,69.12891226697353,69.12891226697353,4.108873243272512,True,54.86675834380211
CONGESTED_OPEN2_R1,47,-54,1201.0,79,25,0.0,4.1881,50.2445,54.4326,True,혼잡,RSSI 양호·혼잡 환경,81.13207547169812,0.8357142857142857,0.14942528735632188,54.81217811394574,54.81217811394574,3.829101715032015,True,50.28691626199671
CONGESTED_OPEN2_R1,48,-51,1201.0,58,16,0.0,19.9097,32.4278,52.3375,True,혼잡,RSSI 양호·혼잡 환경,86.79245283018868,0.9,0.3908045977011494,68.66193667456531,68.66193667456531,4.342095795380139,True,58.6845966538191
CONGESTED_OPEN2_R1,49,-54,1201.0,81,34,0.0,1.2458,7.7554,9.0012,True,혼잡,RSSI 양호·혼잡 환경,81.13207547169812,0.7714285714285715,0.12643678160919536,50.114184862203345,50.114184862203345,3.9763774970737384,False,0.0
CONGESTED_OPEN2_R1,50,-54,1201.0,92,142,3.3333,6.0595,0.0,6.0595,True,혼잡,RSSI 양호·혼잡 환경,81.13207547169812,0.0,0.0,0.0,0.0,3.8289104320422473,False,0.0
CONGESTED_OPEN2_R1,51,-54,1201.0,90,103,0.0,6.4692,0.2092,6.6784,True,혼잡,RSSI 양호·혼잡 환경,81.13207547169812,0.2785714285714286,0.02298850574712641,17.146825035137347,17.146825035137347,3.8287020336185784,False,0.0
CONGESTED_OPEN2_R1,52,-51,1201.0,89,75,0.0,7.7475,2.9331,10.6806,True,혼잡,RSSI 양호·혼잡 환경,86.79245283018868,0.47857142857142854,0.03448275862068961,29.247406558001252,29.247406558001252,4.029970389605875,False,0.0
CONGESTED_OPEN2_R1,53,-50,1201.0,89,45,0.0,12.0907,0.2112,12.3019,True,혼잡,RSSI 양호·혼잡 환경,88.67924528301887,0.6928571428571428,0.03448275862068961,41.6962383413962,41.6962383413962,4.191360660401232,False,0.0
CONGESTED_OPEN2_R1,54,-52,1201.0,90,43,0.0,5.4333,1.4817,6.915,True,혼잡,RSSI 양호·혼잡 환경,84.90566037735849,0.7071428571428571,0.02298850574712641,42.04448860192724,42.04448860192724,4.127813733811339,False,0.0
CONGESTED_OPEN2_R1,55,-51,1201.0,80,15,0.0,35.788,19.1005,54.88849999999999,True,혼잡,RSSI 양호·혼잡 환경,86.79245283018868,0.9071428571428571,0.13793103448275867,58.480116850048766,58.480116850048766,4.272000126893907,False,0.0
CONGESTED_OPEN2_R1,56,-51,1201.0,87,26,0.0,48.955,8.5733,57.5283,True,혼잡,RSSI 양호·혼잡 환경,86.79245283018868,0.8285714285714285,0.05747126436781613,50.54384218760359,50.54384218760359,4.218979596116161,False,0.0
CONGESTED_OPEN2_R1,57,-53,1201.0,77,17,0.0,91.4431,56.8663,148.3094,True,혼잡,RSSI 양호·혼잡 환경,83.01886792452831,0.8928571428571429,0.1724137931034483,59.09521030624165,59.09521030624165,4.204012977586314,True,56.42418972934175
CONGESTED_OPEN2_R1,58,-52,1201.0,54,22,0.0,32.2685,5.6557,37.924200000000006,True,혼잡,RSSI 양호·혼잡 환경,84.90566037735849,0.8571428571428572,0.4367816091954023,68.09885775133415,68.09885775133415,4.512767655950893,True,61.478484130996705
CONGESTED_OPEN2_R1,59,-53,1201.0,81,39,0.0,64.5423,9.8685,74.4108,True,혼잡,RSSI 양호·혼잡 환경,83.01886792452831,0.7357142857142858,0.12643678160919536,48.03937956497086,48.03937956497086,4.097873316601629,False,0.0
CONGESTED_OPEN2_R1,60,-53,1201.0,50,6,0.0,20.9406,61.8937,82.8343,False,정상,RSSI 양호·혼잡 환경,83.01886792452831,0.9714285714285714,0.48275862068965514,76.66492213592595,83.01886792452831,4.48200707164294,True,60.97493532686899
CONGESTED_OPEN2_R1,61,-52,1201.0,82,18,0.0,71.0115,4.1951,75.2066,True,혼잡,RSSI 양호·혼잡 환경,84.90566037735849,0.8857142857142857,0.11494252873563215,56.271889954985355,56.271889954985355,4.108050944563015,False,0.0
CONGESTED_OPEN2_R1,62,-52,1201.0,81,36,0.0,33.1206,5.6522,38.772800000000004,True,혼잡,RSSI 양호·혼잡 환경,84.90566037735849,0.7571428571428571,0.12643678160919536,49.284262743310336,49.284262743310336,4.141603925396251,False,0.0
CONGESTED_OPEN2_R1,63,-54,1201.0,85,17,0.0,15.7039,2.9365,18.6404,True,혼잡,RSSI 양호·혼잡 환경,81.13207547169812,0.8928571428571429,0.08045977011494254,55.24183543934599,55.24183543934599,3.9805030746758145,False,0.0
CONGESTED_OPEN2_R1,64,-55,1201.0,82,19,0.0,58.8988,6.2949,65.1937,True,혼잡,RSSI 양호·혼잡 환경,79.24528301886792,0.8785714285714286,0.11494252873563215,55.856928895538864,55.856928895538864,3.8864486301195544,False,0.0
CONGESTED_OPEN2_R1,65,-54,1201.0,66,16,0.0,35.4914,8.9771,44.4685,True,혼잡,RSSI 양호·혼잡 환경,81.13207547169812,0.9,0.29885057471264365,64.80856180766966,64.80856180766966,4.078627365211366,True,54.371635248122
CONGESTED_OPEN2_R1,66,-52,1201.0,81,14,0.0,70.6027,27.0952,97.6979,True,혼잡,RSSI 양호·혼잡 환경,84.90566037735849,0.9142857142857143,0.12643678160919536,58.41340605113331,58.41340605113331,4.03237962292979,False,0.0
CONGESTED_OPEN2_R2,2,-53,1201.0,87,12,0.0,86.7459,46.3055,133.0514,True,혼잡,RSSI 양호·혼잡 환경,83.01886792452831,0.9285714285714286,0.05747126436781613,56.353297019854566,56.353297019854566,3.9733991323745905,False,0.0
CONGESTED_OPEN2_R2,3,-52,1201.0,69,12,0.0,44.6121,66.2091,110.8212,True,혼잡,RSSI 양호·혼잡 환경,84.90566037735849,0.9285714285714286,0.26436781609195403,65.02339047036979,65.02339047036979,4.240828242900023,True,57.02685327554655
CONGESTED_OPEN2_R2,4,-55,1201.0,38,13,0.0,80.7254,62.4138,143.1392,False,정상,RSSI 양호·혼잡 환경,79.24528301886792,0.9214285714285715,0.6206896551724138,79.54025702014395,79.24528301886792,4.590443104025757,True,62.7500262641567
CONGESTED_OPEN2_R2,5,-53,1201.0,76,10,0.0,36.9471,30.6617,67.6088,True,혼잡,RSSI 양호·혼잡 환경,83.01886792452831,0.9428571428571428,0.1839080459770115,62.48160958072908,62.48160958072908,4.040272025449067,True,53.74376078137383
CONGESTED_OPEN2_R2,6,-51,1201.0,46,7,0.0,60.4987,53.786,114.2847,False,정상,RSSI 양호·혼잡 환경,86.79245283018868,0.9642857142857143,0.5287356321839081,78.17664850992728,86.79245283018868,4.6357924835184505,True,63.492392715419975
CONGESTED_OPEN2_R2,7,-49,1201.0,55,11,0.0,66.2487,59.7516,126.00030000000001,False,정상,RSSI 양호·혼잡 환경,90.56603773584906,0.9357142857142857,0.4252873563218391,72.18175754688367,90.56603773584906,4.692214421150583,True,64.41601623754805
CONGESTED_OPEN2_R2,8,-51,1201.0,39,20,0.0,61.9016,48.1434,110.045,False,정상,RSSI 양호·혼잡 환경,86.79245283018868,0.8714285714285714,0.6091954022988506,76.1538577456565,86.79245283018868,4.965179593498837,True,68.88443870730401
CONGESTED_OPEN2_R2,9,-53,1201.0,75,7,0.0,64.4502,72.4392,136.8894,True,혼잡,RSSI 양호·혼잡 환경,83.01886792452831,0.9642857142857143,0.1954022988505747,64.20816461743054,64.20816461743054,4.24996381204418,True,57.176401960042014
CONGESTED_OPEN2_R2,10,-54,1201.0,37,11,0.0,76.5246,60.719,137.24360000000001,False,정상,RSSI 양호·혼잡 환경,81.13207547169812,0.9357142857142857,0.632183908045977,80.8518509973989,81.13207547169812,4.7240430076208115,True,64.93704816898686
CONGESTED_OPEN2_R2,11,-56,1201.0,42,7,0.0,50.4869,40.4844,90.9713,False,정상,RSSI 양호·혼잡 환경,77.35849056603774,0.9642857142857143,0.5747126436781609,80.1033359433751,77.35849056603774,4.409226607872095,True,59.783523774709536
CONGESTED_OPEN2_R2,12,-49,1201.0,58,11,0.0,55.7771,39.821,95.59809999999999,True,혼잡,RSSI 양호·혼잡 환경,90.56603773584906,0.9357142857142857,0.3908045977011494,70.73674197179781,70.73674197179781,4.4921599541623385,True,61.14113736646322
CONGESTED_OPEN2_R2,13,-52,1201.0,62,5,0.0,26.2776,28.9078,55.1854,True,혼잡,RSSI 양호·혼잡 환경,84.90566037735849,0.9785714285714285,0.3448275862068966,71.29982089502897,71.29982089502897,4.418110425853666,True,59.92895130872265
CONGESTED_OPEN2_R2,14,-50,1201.0,31,7,0.0,64.7641,61.9575,126.7216,False,정상,RSSI 양호·혼잡 환경,88.67924528301887,0.9642857142857143,0.7011494252873562,85.40172638535662,88.67924528301887,5.14226100025927,True,71.7832500469968
CONGESTED_OPEN2_R2,15,-50,1201.0,45,7,0.0,10.156,37.7142,47.8702,False,정상,RSSI 양호·혼잡 환경,88.67924528301887,0.9642857142857143,0.5402298850574713,78.65832036828924,88.67924528301887,4.879310705801712,True,67.47877048986103
CONGESTED_OPEN2_R2,16,-49,1201.0,64,8,0.0,68.9829,59.4875,128.47039999999998,True,혼잡,RSSI 양호·혼잡 환경,90.56603773584906,0.9571428571428572,0.32183908045977017,69.09159399996557,69.09159399996557,4.674844049328836,True,64.13166435819078
CONGESTED_OPEN2_R2,17,-50,1201.0,43,14,0.0,51.3337,33.3427,84.6764,False,정상,RSSI 양호·혼잡 환경,88.67924528301887,0.9142857142857143,0.5632183908045977,76.71693666888766,88.67924528301887,4.997564654604515,True,69.41458009304978
NATURAL_1H_R1,3,-79,960.75,17,3,0.0,21.9789,7.9566,29.935499999999998,False,정상,혼합환경,33.9622641509434,0.9928571428571429,0.8620689655172413,93.80497664021001,33.9622641509434,1.939484580680538,True,19.354004236137563
NATURAL_1H_R1,4,-78,960.75,12,4,0.0,4.6096,11.7352,16.3448,False,정상,혼합환경,35.84905660377358,0.9857142857142858,0.9195402298850575,95.7983748725733,35.84905660377358,2.28916420916742,True,25.078237462320768
NATURAL_1H_R1,5,-78,960.75,88,69,0.0,8.4026,2.7223,11.1249,True,혼잡,혼합환경,35.84905660377358,0.5214285714285714,0.04597701149425293,32.21884477304221,32.21884477304221,0.6104883231138556,False,0.0
NATURAL_1H_R1,6,-80,960.75,10,6,0.0,12.5483,8.5853,21.1336,False,정상,혼합환경,32.075471698113205,0.9714285714285714,0.9425287356321839,95.93179647040421,32.075471698113205,2.3583699621427057,True,26.211131226645445
NATURAL_1H_R1,7,-61,960.75,12,3,0.0,9.4245,7.9482,17.372700000000002,False,정상,혼합환경,67.9245283018868,0.9928571428571429,0.9195402298850575,96.2133359320198,67.9245283018868,3.410314941191905,True,43.43140347197564
NATURAL_1H_R1,8,-80,960.75,14,3,0.0,10.4688,8.5872,19.055999999999997,False,정상,혼합환경,32.075471698113205,0.9928571428571429,0.896551724137931,95.24999221529589,32.075471698113205,2.620644517699779,True,30.504548981058765
NATURAL_1H_R1,9,-80,960.75,18,4,0.0,15.7001,8.5724,24.2725,False,정상,혼합환경,32.075471698113205,0.9857142857142858,0.8505747126436781,92.90834372240157,32.075471698113205,2.078345740501526,True,21.627152569980108
NATURAL_1H_R1,10,-80,960.75,45,4,0.0,6.4889,3.5557,10.044599999999999,False,정상,혼합환경,32.075471698113205,0.9857142857142858,0.5402298850574713,79.90320354662875,32.075471698113205,1.1201305813543934,True,5.941231501151769
NATURAL_1H_R1,11,-80,960.75,25,5,0.0,7.533,7.5263,15.0593,False,정상,혼합환경,32.075471698113205,0.9785714285714285,0.7701149425287357,89.12167965442137,32.075471698113205,1.5448954608136611,True,12.894605499052997
NATURAL_1H_R1,12,-81,960.75,14,4,0.0,13.1777,5.2287,18.406399999999998,False,정상,혼합환경,30.18867924528302,0.9857142857142858,0.896551724137931,94.83503115584939,30.18867924528302,1.9352373224968478,True,19.28447689043412
NATURAL_1H_R1,13,-80,960.75,14,4,0.0,10.2683,5.8557,16.124,False,정상,혼합환경,32.075471698113205,0.9857142857142858,0.896551724137931,94.83503115584939,32.075471698113205,1.9478243156688804,True,19.49052516623693
NATURAL_1H_R1,14,-80,960.75,23,6,0.0,10.0436,6.6943,16.7379,False,정상,혼합환경,32.075471698113205,0.9714285714285714,0.7931034482758621,89.67006231169877,32.075471698113205,1.5264869835031805,True,12.593259899024577
NATURAL_1H_R1,15,-80,960.75,29,5,0.0,13.389,8.364,21.753,False,정상,혼합환경,32.075471698113205,0.9785714285714285,0.7241379310344828,87.19499222097353,32.075471698113205,1.3335475420359253,True,9.434853542134034
NATURAL_1H_R1,16,-82,960.75,25,8,0.0,9.2179,7.3166,16.5345,False,정상,혼합환경,28.30188679245283,0.9571428571428572,0.7701149425287357,87.87679647608188,28.30188679245283,1.3279158117643048,True,9.342662476611551
NATURAL_1H_R1,17,-81,960.75,16,6,0.0,12.5357,6.6813,19.217,False,정상,혼합환경,30.18867924528302,0.9714285714285714,0.8735632183908046,93.04176532023247,30.18867924528302,1.7141712960667057,True,15.665640130776598
NATURAL_1H_R1,18,-81,960.75,20,21,0.0,10.0369,5.2141,15.251,False,정상,혼합환경,30.18867924528302,0.8642857142857143,0.8275862068965517,84.89066199508717,30.18867924528302,1.5256406371912847,True,12.579405263853594
NATURAL_1H_R1,19,-81,960.75,15,5,0.0,6.4851,7.3382,13.8233,False,정상,혼합환경,30.18867924528302,0.9785714285714285,0.8850574712643678,93.93839823804093,30.18867924528302,1.780536006076343,True,16.752026202870674
NATURAL_1H_R1,20,-81,960.75,12,4,0.0,4.4011,7.7419,12.143,False,정상,혼합환경,30.18867924528302,0.9857142857142858,0.9195402298850575,95.7983748725733,30.18867924528302,1.9568730637945277,True,19.63865259619426
NATURAL_1H_R1,21,-80,960.75,19,3,0.0,6.7025,4.7976,11.5001,False,정상,혼합환경,32.075471698113205,0.9928571428571429,0.8390804597701149,92.84163292348612,32.075471698113205,1.644901079433784,True,14.531691100485991
NATURAL_1H_R1,22,-81,960.75,19,3,0.0,7.9521,5.8633,13.8154,False,정상,혼합환경,30.18867924528302,0.9928571428571429,0.8390804597701149,92.84163292348612,30.18867924528302,1.6117063824559494,True,13.988296027127486
NATURAL_1H_R1,23,-97,960.75,37,6,0.0,6.0704,4.5778,10.6482,False,정상,혼합환경,0.0,0.9714285714285714,0.632183908045977,82.92665629463139,0.0,-0.04968376697081334,False,0.0
NATURAL_1H_R1,24,-80,960.75,14,4,0.0,7.7435,8.774,16.5175,False,정상,혼합환경,32.075471698113205,0.9857142857142858,0.896551724137931,94.83503115584939,32.075471698113205,1.3707629260056498,False,0.0
NATURAL_1H_R1,25,-81,960.75,11,4,0.0,14.01,11.2918,25.3018,False,정상,혼합환경,30.18867924528302,0.9857142857142858,0.9310344827586207,96.28004673093527,30.18867924528302,1.8166906031563594,False,0.0
NATURAL_1H_R1,26,-80,960.75,23,4,0.0,9.6264,4.5956,14.222000000000001,False,정상,혼합환경,32.075471698113205,0.9857142857142858,0.7931034482758621,90.49998443059178,32.075471698113205,1.3521491034315087,True,9.739359916326434
NATURAL_1H_R1,27,-80,960.75,17,4,0.0,9.4196,6.0781,15.497700000000002,False,정상,혼합환경,32.075471698113205,0.9857142857142858,0.8620689655172413,93.39001558076352,32.075471698113205,1.7162917685561991,True,15.700352130249055
NATURAL_1H_R1,28,-81,960.75,16,6,0.0,15.0614,5.4291,20.4905,False,정상,혼합환경,30.18867924528302,0.9714285714285714,0.8735632183908046,93.04176532023247,30.18867924528302,1.7362387008732834,True,16.026882140658753
NATURAL_1H_R1,29,-80,960.75,27,5,0.0,7.9507,6.6695,14.6202,False,정상,혼합환경,32.075471698113205,0.9785714285714285,0.7471264367816092,88.15833593769744,32.075471698113205,1.3414534326083154,True,9.564272466801937
NATURAL_1H_R1,30,-80,960.75,17,4,0.0,17.5498,8.3829,25.9327,False,정상,혼합환경,32.075471698113205,0.9857142857142858,0.8620689655172413,93.39001558076352,32.075471698113205,1.778708355369501,True,16.72210767731277
NATURAL_1H_R1,31,-80,960.75,13,4,0.0,12.5695,8.1606,20.7301,False,정상,혼합환경,32.075471698113205,0.9857142857142858,0.9080459770114943,95.31670301421134,32.075471698113205,2.0217802873334603,True,20.70117970767795
NATURAL_1H_R1,32,-80,960.75,12,4,0.0,8.3745,5.2258,13.600299999999999,False,정상,혼합환경,32.075471698113205,0.9857142857142858,0.9195402298850575,95.7983748725733,32.075471698113205,2.0828737480952926,True,21.701275765628665
NATURAL_1H_R1,33,-81,960.75,16,4,0.0,8.5954,7.5245,16.1199,False,정상,혼합환경,30.18867924528302,0.9857142857142858,0.8735632183908046,93.87168743912548,30.18867924528302,1.777909157348263,True,16.709024856654143
NATURAL_1H_R1,34,-93,960.75,19,5,0.0,9.2099,7.9434,17.153299999999998,False,정상,혼합환경,7.547169811320755,0.9785714285714285,0.8390804597701149,92.01171080459311,7.547169811320755,0.8127245298093007,False,0.0
NATURAL_1H_R1,35,-80,960.75,27,6,0.0,9.8298,6.0679,15.8977,False,정상,혼합환경,32.075471698113205,0.9714285714285714,0.7471264367816092,87.74337487825095,32.075471698113205,0.9479194959072472,False,0.0
NATURAL_1H_R1,36,-80,960.75,27,5,0.0,17.1709,8.1616,25.3325,False,정상,혼합환경,32.075471698113205,0.9785714285714285,0.7471264367816092,88.15833593769744,32.075471698113205,1.172585565773323,True,6.79991625207378
NATURAL_1H_R1,37,-81,960.75,16,4,0.0,10.8847,7.1092,17.9939,False,정상,혼합환경,30.18867924528302,0.9857142857142858,0.8735632183908046,93.87168743912548,30.18867924528302,1.6690635101046678,True,14.927228550208515
NATURAL_1H_R1,38,-85,960.75,12,5,0.0,9.8404,12.7616,22.602,False,정상,혼합환경,22.641509433962266,0.9785714285714285,0.9195402298850575,95.3834138131268,22.641509433962266,1.6682699155700491,False,0.0
NATURAL_1H_R1,39,-82,960.75,13,3,0.0,8.7824,8.1484,16.9308,False,정상,혼합환경,28.30188679245283,0.9928571428571429,0.9080459770114943,95.73166407365784,28.30188679245283,1.692063410343671,False,0.0
NATURAL_1H_R1,40,-80,960.75,14,5,0.0,7.9589,8.1532,16.112099999999998,False,정상,혼합환경,32.075471698113205,0.9785714285714285,0.896551724137931,94.42007009640288,32.075471698113205,1.7885780949671368,True,16.883674685328174
NATURAL_1H_R1,41,-80,960.75,19,3,0.0,14.6618,4.5862,19.247999999999998,False,정상,혼합환경,32.075471698113205,0.9928571428571429,0.8390804597701149,92.84163292348612,32.075471698113205,1.6254722023367196,True,14.213641621001894
NATURAL_1H_R1,42,-81,960.75,16,4,0.0,11.3116,7.1237,18.4353,False,정상,혼합환경,30.18867924528302,0.9857142857142858,0.8735632183908046,93.87168743912548,30.18867924528302,1.738438241569261,True,16.06288848163074
NATURAL_1H_R1,43,-82,960.75,13,4,0.0,5.6429,4.3826,10.025500000000001,False,정상,혼합환경,28.30188679245283,0.9857142857142858,0.9080459770114943,95.31670301421134,28.30188679245283,1.8481542816126397,True,17.858933062721107
NATURAL_1H_R1,44,-81,960.75,20,6,0.0,5.8637,5.4382,11.3019,False,정상,혼합환경,30.18867924528302,0.9714285714285714,0.8275862068965517,91.11507788678465,30.18867924528302,1.4986847643863628,True,12.138139344479367
NATURAL_1H_R1,45,-80,960.75,22,9,0.0,12.3488,9.2084,21.5572,False,정상,혼합환경,32.075471698113205,0.95,0.8045977011494253,88.90685099172124,32.075471698113205,1.4978401864032191,True,12.124313656737321
NATURAL_1H_R1,46,-80,960.75,54,7,0.0,5.8573,5.8535,11.7108,False,정상,혼합환경,32.075471698113205,0.9642857142857143,0.4367816091954023,74.32327364303163,32.075471698113205,0.7571950506051406,True,0.0
NATURAL_1H_R1,47,-80,960.75,29,4,0.0,10.0482,6.4901,16.5383,False,정상,혼합환경,32.075471698113205,0.9857142857142858,0.7241379310344828,87.60995328042004,32.075471698113205,1.3166659978118025,True,9.158503739387001
NATURAL_1H_R1,48,-82,960.75,42,10,0.0,8.3628,8.1736,16.5364,False,정상,혼합환경,28.30188679245283,0.9428571428571428,0.5747126436781609,78.85845276503561,28.30188679245283,0.8745948478115555,True,1.921827196008193
NATURAL_1H_R1,49,-80,960.75,29,5,0.0,4.8107,4.8025,9.613199999999999,False,정상,혼합환경,32.075471698113205,0.9785714285714285,0.7241379310344828,87.19499222097353,32.075471698113205,1.265248655301902,True,8.316805120365917
NATURAL_1H_R1,50,-81,960.75,40,5,0.0,6.9007,6.0628,12.9635,False,정상,혼합환경,30.18867924528302,0.9785714285714285,0.5977011494252873,81.89660177899201,30.18867924528302,0.9567497251121443,True,3.2666973000287856
NATURAL_1H_R1,51,-79,960.75,15,3,0.0,15.2632,6.6857,21.9489,False,정상,혼합환경,33.9622641509434,0.9928571428571429,0.8850574712643678,94.76832035693394,33.9622641509434,1.928967673832268,True,19.181843141486322
NATURAL_1H_R1,52,-80,960.75,13,7,0.0,11.3278,7.334,18.6618,False,정상,혼합환경,32.075471698113205,0.9642857142857143,0.9080459770114943,94.07181983587185,32.075471698113205,2.0434087741872893,True,21.05523665865472
NATURAL_1H_R1,53,-81,960.75,25,3,0.0,10.0268,4.6055,14.6323,False,정상,혼합환경,30.18867924528302,0.9928571428571429,0.7701149425287357,89.95160177331438,30.18867924528302,1.399767215856585,True,10.518865381060632
NATURAL_1H_R1,54,-78,960.75,22,6,0.0,10.2555,7.7507,18.0062,False,정상,혼합환경,35.84905660377358,0.9714285714285714,0.8045977011494253,90.15173417006073,35.84905660377358,1.6795309333423756,True,15.098579601309444
NATURAL_1H_R1,55,-80,960.75,28,19,0.0,4.3843,9.0212,13.4055,False,정상,혼합환경,32.075471698113205,0.8785714285714286,0.735632183908046,81.86720924708452,32.075471698113205,1.4233068264388107,True,10.90420730563673
NATURAL_1H_R1,56,-79,960.75,12,9,0.0,10.4491,7.7567,18.2058,False,정상,혼합환경,33.9622641509434,0.95,0.9195402298850575,93.7235695753408,33.9622641509434,2.181681479589584,True,23.318752031177343
NATURAL_1H_R1,57,-79,960.75,20,11,0.0,12.1423,8.9983,21.1406,False,정상,혼합환경,33.9622641509434,0.9357142857142857,0.8275862068965517,89.04027258955216,33.9622641509434,1.7712661444788567,True,16.600279159475374
NATURAL_1H_R1,58,-79,960.75,24,5,0.0,14.2034,10.2573,24.460700000000003,False,정상,혼합환경,33.9622641509434,0.9785714285714285,0.7816091954022988,89.60335151278332,33.9622641509434,1.6265399890440444,True,14.231121221329179
OPEN2_1H_R1,2,-53,1201.0,38,5,0.0,54.3944,103.2158,157.6102,False,정상,혼합환경,83.01886792452831,0.9785714285714285,0.6206896551724138,82.85994549571592,83.01886792452831,4.690100946872377,True,64.38141879834824
OPEN2_1H_R1,3,-53,1201.0,46,7,0.0,52.1676,109.4258,161.5934,False,정상,혼합환경,83.01886792452831,0.9642857142857143,0.5287356321839081,78.17664850992728,83.01886792452831,4.5278298204346115,True,61.72505080337915
OPEN2_1H_R1,4,-51,1201.0,50,10,0.0,49.5664,74.2384,123.8048,False,정상,혼합환경,86.79245283018868,0.9428571428571428,0.48275862068965514,75.00507789813996,86.79245283018868,4.582925775980148,True,62.62696808328126
OPEN2_1H_R1,5,-57,1201.0,23,7,0.0,38.9041,96.0385,134.9426,False,정상,혼합환경,75.47169811320755,0.9642857142857143,0.7931034482758621,89.25510125225229,75.47169811320755,4.921147136874307,True,68.16363019943847
OPEN2_1H_R1,6,-52,1201.0,36,16,0.0,54.8919,55.8715,110.76339999999999,False,정상,혼합환경,84.90566037735849,0.9,0.6436781609195402,79.25871755852836,84.90566037735849,4.702692197601573,True,64.5875367700904
OPEN2_1H_R1,7,-55,1201.0,40,5,0.0,47.6736,110.0954,157.769,False,정상,혼합환경,79.24528301886792,0.9785714285714285,0.5977011494252873,81.89660177899201,79.24528301886792,4.497106682731826,True,61.22211499779079
OPEN2_1H_R1,8,-52,1201.0,80,14,0.0,60.8288,99.2995,160.1283,True,혼잡,혼합환경,84.90566037735849,0.9142857142857143,0.13793103448275867,58.89507790949527,58.89507790949527,4.038288626764538,False,0.0
OPEN2_1H_R1,9,-54,1201.0,82,16,0.0,42.2679,83.4271,125.695,True,혼잡,혼합환경,81.13207547169812,0.9,0.11494252873563215,57.10181207387836,57.10181207387836,3.955042200919768,False,0.0
OPEN2_1H_R1,10,-55,1201.0,55,8,0.0,103.3804,75.447,178.8274,False,정상,혼합환경,79.24528301886792,0.9571428571428572,0.4252873563218391,73.42664072522318,79.24528301886792,4.204306232214002,True,56.42899028890195
OPEN2_1H_R1,11,-53,1201.0,21,4,0.0,68.7764,107.1874,175.9638,False,정상,혼합환경,83.01886792452831,0.9857142857142858,0.8160919540229885,91.46332814731569,83.01886792452831,5.1130298459847365,True,71.30473791501468
OPEN2_1H_R1,12,-56,1201.0,42,5,0.0,86.0429,79.2102,165.25310000000002,False,정상,혼합환경,77.35849056603774,0.9785714285714285,0.5747126436781609,80.9332580622681,77.35849056603774,4.363809622199806,True,59.0400506145962
OPEN2_1H_R1,13,-54,1201.0,38,5,0.0,4.583,87.2633,91.8463,False,정상,혼합환경,81.13207547169812,0.9785714285714285,0.6206896551724138,82.85994549571592,81.13207547169812,4.50298296590255,True,61.3183093786813
OPEN2_1H_R1,14,-56,1201.0,25,4,0.0,80.3022,87.6639,167.96609999999998,False,정상,혼합환경,77.35849056603774,0.9857142857142858,0.7701149425287357,89.53664071386788,77.35849056603774,4.7571739760064995,True,65.47940000935463
OPEN2_1H_R1,15,-53,1201.0,21,11,0.0,99.0845,42.7644,141.84890000000001,False,정상,혼합환경,83.01886792452831,0.9357142857142857,0.8160919540229885,88.5586007311902,83.01886792452831,5.0506788127974955,True,70.28405547663053
OPEN2_1H_R1,16,-55,1201.0,47,6,0.0,126.7305,44.228,170.95850000000002,False,정상,혼합환경,79.24528301886792,0.9714285714285714,0.5172413793103448,78.10993771101181,79.24528301886792,4.2998185019795105,True,57.99252005603681
OPEN2_1H_R1,17,-52,1201.0,61,11,0.0,158.4127,64.1851,222.5978,True,혼잡,혼합환경,84.90566037735849,0.9357142857142857,0.3563218390804598,69.29172639671194,69.29172639671194,4.242197986345035,True,57.04927588841997
OPEN2_1H_R1,18,-52,1201.0,32,5,0.0,46.9153,73.5567,120.47200000000001,False,정상,혼합환경,84.90566037735849,0.9785714285714285,0.6896551724137931,85.74997664588767,84.90566037735849,4.883651344050417,True,67.54982646127577
OPEN2_1H_R1,19,-54,1201.0,29,7,0.0,116.2395,105.0953,221.3348,False,정상,혼합환경,81.13207547169812,0.9642857142857143,0.7241379310344828,86.36507010208054,81.13207547169812,4.882005018227844,True,67.52287621251385
OPEN2_1H_R1,20,-55,1201.0,26,5,0.0,140.1645,85.1217,225.2862,False,정상,혼합환경,79.24528301886792,0.9785714285714285,0.7586206896551724,88.64000779605941,79.24528301886792,4.869349249484368,True,67.31570208499097
OPEN2_1H_R1,21,-51,1201.0,18,5,0.0,36.8756,99.1482,136.0238,False,정상,혼합환경,86.79245283018868,0.9785714285714285,0.8505747126436781,92.49338266295506,86.79245283018868,5.391757136803333,True,75.86748589679394
OPEN2_1H_R1,22,-52,1201.0,29,7,0.0,28.2374,87.8307,116.06809999999999,False,정상,혼합환경,84.90566037735849,0.9642857142857143,0.7241379310344828,86.36507010208054,84.90566037735849,5.018738023831475,True,69.76118679748853
OPEN2_1H_R1,23,-52,1201.0,52,5,0.0,132.1834,99.445,231.6284,False,정상,혼합환경,84.90566037735849,0.9785714285714285,0.45977011494252873,76.11653947864853,84.90566037735849,4.530498448293783,True,61.76873607130822
OPEN2_1H_R1,24,-52,1201.0,35,4,0.0,161.1302,133.0922,294.2224,False,정상,혼합환경,84.90566037735849,0.9857142857142858,0.6551724137931034,84.7199221302483,84.90566037735849,4.887856784207484,True,67.6186692485493
OPEN2_1H_R1,25,-53,1201.0,17,5,0.0,94.396,108.8673,203.26330000000002,False,정상,혼합환경,83.01886792452831,0.9785714285714285,0.8620689655172413,92.975054521317,83.01886792452831,5.45591389466473,True,76.9177279329787
OPEN2_1H_R1,26,-53,1201.0,19,5,0.0,101.6257,104.3669,205.99259999999998,False,정상,혼합환경,83.01886792452831,0.9785714285714285,0.8390804597701149,92.01171080459311,83.01886792452831,5.329883199402627,True,74.85461348602041
OPEN2_1H_R1,27,-52,1201.0,29,5,0.0,105.5727,89.243,194.8157,False,정상,혼합환경,84.90566037735849,0.9785714285714285,0.7241379310344828,87.19499222097353,84.90566037735849,5.006221218530365,True,69.55628749265823
OPEN2_1H_R1,28,-51,1201.0,20,4,0.0,140.2359,74.7729,215.0088,False,정상,혼합환경,86.79245283018868,0.9857142857142858,0.8275862068965517,91.94500000567766,86.79245283018868,5.420392863658792,True,76.33625091988444
OPEN2_1H_R1,29,-56,1201.0,39,4,0.0,68.6816,130.8442,199.5258,False,정상,혼합환경,77.35849056603774,0.9857142857142858,0.6091954022988506,82.79323469680048,77.35849056603774,4.5600187027721635,True,62.25198075519711
OPEN2_1H_R1,30,-54,1201.0,37,11,0.0,96.8071,112.8729,209.68,False,정상,혼합환경,81.13207547169812,0.9357142857142857,0.632183908045977,80.8518509973989,81.13207547169812,4.594648790597962,True,62.81887308523032
OPEN2_1H_R1,31,-53,1201.0,26,5,3.3333,149.6086,102.8044,252.413,False,정상,혼합환경,83.01886792452831,0.9785714285714285,0.7586206896551724,88.64000779605941,83.01886792452831,4.962088905279528,True,68.83384433818593
OPEN2_1H_R1,32,-54,1201.0,25,9,0.0,35.7689,70.347,106.1159,False,정상,혼합환경,81.13207547169812,0.95,0.7701149425287357,87.46183541663538,81.13207547169812,4.95294845264188,True,68.68421571121333
OPEN2_1H_R1,33,-52,1201.0,38,6,0.0,61.9018,89.5753,151.4771,False,정상,혼합환경,84.90566037735849,0.9714285714285714,0.6206896551724138,82.44498443626942,84.90566037735849,4.707989408998738,True,64.6742517829637
OPEN2_1H_R1,34,-56,1201.0,25,9,0.0,30.6278,64.5924,95.2202,False,정상,혼합환경,77.35849056603774,0.95,0.7701149425287357,87.46183541663538,77.35849056603774,4.859677197554593,True,67.15737121149581
OPEN2_1H_R1,35,-56,1201.0,29,9,0.0,65.887,83.5266,149.4136,False,정상,혼합환경,77.35849056603774,0.95,0.7241379310344828,85.53514798318754,77.35849056603774,4.629875219799012,True,63.39552748555952
OPEN2_1H_R1,36,-51,1201.0,50,5,0.0,95.0168,78.0511,173.0679,False,정상,혼합환경,86.79245283018868,0.9785714285714285,0.48275862068965514,77.07988319537245,86.79245283018868,4.435675069476013,True,60.216483405070896
OPEN2_1H_R1,37,-52,1201.0,53,8,0.0,79.2869,123.0053,202.2922,False,정상,혼합환경,84.90566037735849,0.9571428571428572,0.4482758620689655,74.38998444194709,84.90566037735849,4.463211064497582,True,60.66724588814873
OPEN2_1H_R1,38,-52,1201.0,43,7,0.0,120.475,116.4957,236.9707,False,정상,혼합환경,84.90566037735849,0.9642857142857143,0.5632183908045977,79.62166408501315,84.90566037735849,4.677297271239319,True,64.17182344447198
OPEN2_1H_R1,39,-55,1201.0,43,10,0.0,14.4332,24.6571,39.0903,False,정상,혼합환경,79.24528301886792,0.9428571428571428,0.5632183908045977,78.37678090667364,79.24528301886792,4.496387923859094,True,61.21034896086518
OPEN2_1H_R1,40,-55,1201.0,38,5,0.0,94.8002,105.9829,200.7831,False,정상,혼합환경,79.24528301886792,0.9785714285714285,0.6206896551724138,82.85994549571592,79.24528301886792,4.514801372971501,True,61.511775948974176
OPEN2_1H_R1,41,-53,1201.0,24,9,0.0,116.1233,94.4994,210.6227,False,정상,혼합환경,83.01886792452831,0.95,0.7816091954022988,87.94350727499733,83.01886792452831,5.003956462696484,True,69.51921358403624
OPEN2_1H_R1,42,-51,1201.0,33,7,0.0,131.4265,112.7786,244.20510000000002,False,정상,혼합환경,86.79245283018868,0.9642857142857143,0.6781609195402298,84.43838266863271,86.79245283018868,4.903710428837674,True,67.87819240047246
OPEN2_1H_R1,43,-52,1201.0,27,8,0.0,158.422,114.5468,272.9688,False,정상,혼합환경,84.90566037735849,0.9571428571428572,0.7471264367816092,86.91345275935797,84.90566037735849,5.095898655175638,True,71.02430141358663
OPEN2_1H_R1,44,-51,1201.0,28,4,0.0,45.8783,119.0284,164.9067,False,정상,혼합환경,86.79245283018868,0.9857142857142858,0.735632183908046,88.091625138782,86.79245283018868,5.148559842806282,True,71.88636169793891
OPEN2_1H_R1,45,-55,1201.0,27,12,0.0,83.5897,77.1191,160.7088,False,정상,혼합환경,79.24528301886792,0.9285714285714286,0.7471264367816092,85.25360852157196,79.24528301886792,4.946236585484477,True,68.57434287372953
OPEN2_1H_R1,47,-59,1201.0,28,6,0.0,96.4676,134.9196,231.3872,False,정상,혼합환경,71.69811320754717,0.9714285714285714,0.735632183908046,87.261703019889,71.69811320754717,4.542220312778722,True,61.960622245655436
OPEN2_1H_R1,48,-55,1201.0,29,9,0.0,104.7025,133.6428,238.3453,False,정상,혼합환경,79.24528301886792,0.95,0.7241379310344828,85.53514798318754,79.24528301886792,4.582509475160228,True,62.620153265398436
OPEN2_1H_R1,49,-52,1201.0,21,4,0.0,44.6387,129.235,173.8737,False,정상,혼합환경,84.90566037735849,0.9857142857142858,0.8160919540229885,91.46332814731569,84.90566037735849,5.092621133960792,True,70.97064860024224
OPEN2_1H_R1,50,-52,1201.0,12,8,0.0,113.1937,70.7292,183.92290000000003,False,정상,혼합환경,84.90566037735849,0.9571428571428572,0.9195402298850575,94.13853063478732,84.90566037735849,5.691721919387386,True,80.77789026487933
OPEN2_1H_R1,52,-54,1201.0,28,6,0.0,129.7719,108.1673,237.93919999999997,False,정상,혼합환경,81.13207547169812,0.9714285714285714,0.735632183908046,87.261703019889,81.13207547169812,4.900857345301526,True,67.83148760487036
OPEN2_1H_R1,53,-56,1201.0,16,11,0.0,132.016,137.4023,269.4183,False,정상,혼합환경,77.35849056603774,0.9357142857142857,0.8735632183908046,90.96696002299998,77.35849056603774,5.206530246130403,True,72.83533350472983
OPEN2_1H_R1,54,-56,1201.0,16,11,0.0,59.5972,65.7859,125.3831,False,정상,혼합환경,77.35849056603774,0.9357142857142857,0.8735632183908046,90.96696002299998,77.35849056603774,5.121708162078863,True,71.44680139623112
OPEN2_1H_R1,55,-53,1201.0,40,11,0.0,72.2049,100.3917,172.5966,False,정상,혼합환경,83.01886792452831,0.9357142857142857,0.5977011494252873,79.40683542231302,83.01886792452831,4.489688803334286,True,61.10068478494437
OPEN2_1H_R1,56,-56,1201.0,18,4,0.0,118.8826,156.4005,275.2831,False,정상,혼합환경,77.35849056603774,0.9857142857142858,0.8505747126436781,92.90834372240157,77.35849056603774,5.0581434710234685,True,70.40625145591623
OPEN2_1H_R1,57,-53,1201.0,20,7,0.0,126.4213,123.861,250.28230000000002,False,정상,혼합환경,83.01886792452831,0.9642857142857143,0.8275862068965517,90.70011682733815,83.01886792452831,5.107709443238269,True,71.21764326123177
OPEN2_1H_R1,58,-55,1201.0,23,6,0.0,66.3681,116.6572,183.02530000000002,False,정상,혼합환경,79.24528301886792,0.9714285714285714,0.7931034482758621,89.67006231169877,79.24528301886792,4.918143696890311,True,68.11446407837037
OPEN2_20M_R1,2,-54,1201.0,60,6,0.0,53.5872,126.0636,179.6508,True,혼잡,혼합환경,81.13207547169812,0.9714285714285714,0.367816091954023,71.84820355230639,71.84820355230639,4.1627388227735675,True,55.748534446292794
OPEN2_20M_R1,3,-54,1201.0,27,6,0.0,49.6562,115.1831,164.83929999999998,False,정상,혼합환경,81.13207547169812,0.9714285714285714,0.7471264367816092,87.74337487825095,81.13207547169812,4.8520568543222575,True,67.03262667858091
OPEN2_20M_R1,4,-57,1201.0,43,5,0.0,95.0826,77.9855,173.06810000000002,False,정상,혼합환경,75.47169811320755,0.9785714285714285,0.5632183908045977,80.45158620390615,75.47169811320755,4.249040014581123,True,57.16127945446405
OPEN2_20M_R1,5,-54,1201.0,53,8,0.0,107.803,118.606,226.409,False,정상,혼합환경,81.13207547169812,0.9571428571428572,0.4482758620689655,74.38998444194709,81.13207547169812,4.171424327312041,True,55.890715601884935
OPEN2_20M_R1,6,-54,1201.0,34,5,0.0,38.2072,101.6291,139.8363,False,정상,혼합환경,81.13207547169812,0.9785714285714285,0.6666666666666667,84.78663292916376,81.13207547169812,4.601576509456613,True,62.93227940130296
OPEN2_20M_R1,7,-55,1201.0,52,9,0.0,89.6761,84.5298,174.20589999999999,False,정상,혼합환경,79.24528301886792,0.95,0.45977011494252873,74.45669524086254,79.24528301886792,4.192649044479044,True,56.238162868828766
OPEN2_20M_R1,8,-58,1201.0,50,10,0.0,127.9131,106.0367,233.94979999999998,False,정상,혼합환경,73.58490566037736,0.9428571428571428,0.48275862068965514,75.00507789813996,73.58490566037736,4.005740769493469,True,53.17848632275525
OPEN2_20M_R1,9,-59,1201.0,29,5,0.0,76.1272,78.2655,154.3927,False,정상,혼합환경,71.69811320754717,0.9785714285714285,0.7241379310344828,87.19499222097353,71.69811320754717,4.303591320075208,True,58.05428084774547
OPEN2_20M_R1,10,-57,1201.0,30,6,0.0,96.7229,86.7241,183.447,False,정상,혼합환경,75.47169811320755,0.9714285714285714,0.7126436781609196,86.29835930316509,75.47169811320755,4.3251452401614765,True,58.407117145490915
OPEN2_20M_R1,11,-57,1201.0,31,3,0.0,88.9189,111.0962,200.0151,False,정상,혼합환경,75.47169811320755,0.9928571428571429,0.7011494252873562,87.06157062314263,75.47169811320755,4.313952503708889,True,58.22389276330128
OPEN2_20M_R1,12,-56,1201.0,21,6,0.0,64.8951,118.8069,183.702,False,정상,혼합환경,77.35849056603774,0.9714285714285714,0.8160919540229885,90.63340602842268,77.35849056603774,4.72088661540858,True,64.88537822969327
OPEN2_20M_R1,13,-55,1201.0,20,9,0.0,125.0849,124.41,249.4949,False,정상,혼합환경,79.24528301886792,0.95,0.8275862068965517,89.87019470844515,79.24528301886792,4.875601555467266,True,67.41805193534523
OPEN2_20M_R1,14,-52,1201.0,17,4,0.0,52.4809,76.0285,128.5094,False,정상,혼합환경,84.90566037735849,0.9857142857142858,0.8620689655172413,93.39001558076352,84.90566037735849,5.275232415493898,True,73.95998363743304
OPEN2_20M_R1,15,-53,1201.0,51,16,0.0,51.0209,111.0432,162.0641,False,정상,혼합환경,83.01886792452831,0.9,0.47126436781609193,72.03363968309901,83.01886792452831,4.377099272432833,True,59.257601341692954
FREE1_1H_R1,2,-75,424.25,41,8,0.0,3.3521,2.0904,5.4425,False,정상,혼합환경,41.509433962264154,0.9571428571428572,0.5862068965517242,80.17004674229057,41.509433962264154,1.6982046180841017,True,15.404266630080322
FREE1_1H_R1,3,-79,458.75,35,10,0.0,1.0387,0.8373,1.876,False,정상,혼합환경,33.9622641509434,0.9428571428571428,0.6551724137931034,82.23015577356931,33.9622641509434,1.5755576225129473,True,13.396543131351299
FREE1_1H_R1,4,-81,458.75,55,30,0.0,0.6309,0.4189,1.0498,True,혼잡,혼합환경,30.18867924528302,0.8,0.4252873563218391,64.29749741740021,64.29749741740021,0.917673623334817,True,2.6270240050433293
FREE1_1H_R1,5,-78,390.0,69,20,0.0,2.7165,1.6756,4.3921,True,혼잡,혼합환경,35.84905660377358,0.8714285714285714,0.26436781609195403,61.7037019947978,61.7037019947978,0.7860230242171669,True,0.471912090239721
FREE1_1H_R1,6,-79,390.0,20,23,0.0,8.189,2.3011,10.4901,True,혼잡,혼합환경,33.9622641509434,0.85,0.8275862068965517,84.06073987619418,84.06073987619418,1.8250075092677736,True,17.480021875047065
FREE1_1H_R1,7,-79,458.75,17,4,0.0,3.9729,1.2582,5.2311,False,정상,혼합환경,33.9622641509434,0.9857142857142858,0.8620689655172413,93.39001558076352,33.9622641509434,1.956094221154975,True,19.625902991836156
FREE1_1H_R1,8,-76,424.25,21,8,0.0,4.8178,2.3048,7.1226,False,정상,혼합환경,39.62264150943396,0.9571428571428572,0.8160919540229885,89.8034839095297,39.62264150943396,1.949931438134176,True,19.52501862666434
FREE1_1H_R1,9,-77,390.0,52,5,0.0,2.0965,2.3039,4.400399999999999,False,정상,혼합환경,37.735849056603776,0.9785714285714285,0.45977011494252873,76.11653947864853,37.735849056603776,1.1987613489618085,True,7.228412154157815
FREE1_1H_R1,10,-75,424.25,16,7,0.0,10.4719,2.3051,12.777,False,정상,혼합환경,41.509433962264154,0.9642857142857143,0.8735632183908046,92.62680426078599,41.509433962264154,2.364810166702298,True,26.31655696472163
FREE1_1H_R1,11,-75,424.25,20,6,0.0,5.647,1.4655,7.112500000000001,False,정상,혼합환경,41.509433962264154,0.9714285714285714,0.8275862068965517,91.11507788678465,41.509433962264154,2.2495914438955644,True,24.430433817592288
FREE1_1H_R1,12,-78,458.75,16,5,0.0,4.3948,1.4639,5.8587,False,정상,혼합환경,35.84905660377358,0.9785714285714285,0.8735632183908046,93.45672637967897,35.84905660377358,2.2760524004170266,True,24.86359798895729
FREE1_1H_R1,13,-76,390.0,17,6,0.0,7.3162,5.2392,12.5554,False,정상,혼합환경,39.62264150943396,0.9714285714285714,0.8620689655172413,92.56009346187051,39.62264150943396,2.2864703512168205,True,25.034139179403446
FREE1_1H_R1,14,-79,458.75,21,7,0.0,5.8466,1.8895,7.7360999999999995,False,정상,혼합환경,33.9622641509434,0.9642857142857143,0.8160919540229885,90.2184449689762,33.9622641509434,1.9158038174718572,True,18.9663516520649
FREE1_1H_R1,15,-80,458.75,15,6,0.0,2.5127,2.936,5.4487000000000005,False,정상,혼합환경,32.075471698113205,0.9714285714285714,0.8850574712643678,93.52343717859443,32.075471698113205,2.0667948061719694,True,21.438064511379668
FREE1_1H_R1,16,-80,458.75,21,4,0.0,4.1887,3.7687,7.9574,False,정상,혼합환경,32.075471698113205,0.9857142857142858,0.8160919540229885,91.46332814731569,32.075471698113205,1.68602631067413,True,15.204908514148647
FREE1_1H_R1,17,-79,458.75,31,7,0.0,2.927,3.1411,6.068099999999999,False,정상,혼합환경,33.9622641509434,0.9642857142857143,0.7011494252873562,85.40172638535662,33.9622641509434,1.3848326738307422,True,10.27438788017766
FREE1_1H_R1,18,-77,458.75,19,8,0.0,5.4417,3.3498,8.7915,False,정상,혼합환경,37.735849056603776,0.9571428571428572,0.8390804597701149,90.76682762625362,37.735849056603776,1.963071901482202,True,19.74012717396433
FREE1_1H_R1,19,-78,458.75,25,6,0.0,3.1356,2.5102,5.6458,False,정상,혼합환경,35.84905660377358,0.9714285714285714,0.7701149425287357,88.70671859497487,35.84905660377358,1.7210849796060939,True,15.778816689567657
FREE1_1H_R1,20,-78,458.75,42,6,0.0,5.2149,2.0896,7.3045,False,정상,혼합환경,35.84905660377358,0.9714285714285714,0.5747126436781609,80.5182970028216,35.84905660377358,1.2797225766110047,True,8.553742289480518
FREE1_1H_R1,21,-77,390.0,40,4,0.0,2.7226,3.1387,5.8613,False,정상,혼합환경,37.735849056603776,0.9857142857142858,0.5977011494252873,82.31156283843852,37.735849056603776,1.3893450195893422,True,10.348254692582987
FREE1_1H_R1,22,-76,390.0,27,10,0.0,7.1127,2.9299,10.0426,False,정상,혼합환경,39.62264150943396,0.9428571428571428,0.7471264367816092,86.08353064046496,39.62264150943396,1.8282228407633592,True,17.53265664665177
FREE1_1H_R1,23,-75,390.0,31,10,0.0,7.3285,2.5136,9.8421,False,정상,혼합환경,41.509433962264154,0.9428571428571428,0.7011494252873562,84.15684320701713,41.509433962264154,1.8277762728507554,True,17.525346358391243
FREE1_1H_R1,24,-77,390.0,26,7,0.0,7.7104,2.5156,10.225999999999999,False,정상,혼합환경,37.735849056603776,0.9642857142857143,0.7586206896551724,87.81008567716641,37.735849056603776,1.9088847298098301,True,18.853086628130757
FREE1_1H_R1,25,-78,458.75,43,4,0.0,5.0233,2.3026,7.3259,False,정상,혼합환경,35.84905660377358,0.9857142857142858,0.5632183908045977,80.86654726335266,35.84905660377358,1.3630050512463014,True,9.91707108998572
FREE1_1H_R1,26,-77,390.0,32,8,0.0,1.8831,1.4658,3.3489,False,정상,혼합환경,37.735849056603776,0.9571428571428572,0.6896551724137931,84.50509346754818,37.735849056603776,1.6318780774560913,True,14.318505388330172
FREE1_1H_R1,27,-78,458.75,29,5,0.0,8.366,1.6803,10.046299999999999,False,정상,혼합환경,35.84905660377358,0.9785714285714285,0.7241379310344828,87.19499222097353,35.84905660377358,1.6615928993847462,True,14.804935128976343
FREE1_1H_R1,28,-78,390.0,31,6,0.0,2.506,0.6293,3.1353,False,정상,혼합환경,35.84905660377358,0.9714285714285714,0.7011494252873562,85.81668744480312,35.84905660377358,1.575424289123443,True,13.394360472265143
FREE1_1H_R1,29,-71,424.25,33,20,0.0,7.1281,1.6751,8.8032,False,정상,혼합환경,49.056603773584904,0.8714285714285714,0.6781609195402298,79.04388889582823,49.056603773584904,1.972586127280473,True,19.895874443748205
FREE1_1H_R1,30,-73,390.0,34,6,0.0,3.1323,1.462,4.5943,False,정상,혼합환경,45.28301886792453,0.9714285714285714,0.6666666666666667,84.37167186971726,45.28301886792453,2.0344752811020093,True,20.90899594636068
FREE1_1H_R1,31,-76,390.0,33,5,0.0,2.5093,1.4701,3.9794,False,정상,혼합환경,39.62264150943396,0.9785714285714285,0.6781609195402298,85.26830478752571,39.62264150943396,1.9116676380825068,True,18.89864265914351
FREE1_1H_R1,32,-71,390.0,35,8,0.0,4.4078,1.2601,5.6678999999999995,False,정상,혼합환경,49.056603773584904,0.9571428571428572,0.6551724137931034,83.06007789246232,49.056603773584904,2.11721919922792,True,22.26350861114032
FREE1_1H_R1,33,-77,390.0,47,5,0.0,5.0229,1.4681,6.491,False,정상,혼합환경,37.735849056603776,0.9785714285714285,0.5172413793103448,78.52489877045831,37.735849056603776,1.5876941120851618,True,13.595216691944787
FREE1_1H_R1,34,-74,390.0,34,5,0.0,5.023,1.468,6.491,False,정상,혼합환경,43.39622641509434,0.9785714285714285,0.6666666666666667,84.78663292916376,43.39622641509434,1.929962663455534,True,19.198131058188395
FREE1_1H_R1,35,-74,424.25,19,6,0.0,6.0681,0.4177,6.4858,False,정상,혼합환경,43.39622641509434,0.9714285714285714,0.8390804597701149,91.59674974514661,43.39622641509434,2.476701406289326,True,28.14820942367212
FREE1_1H_R1,36,-76,390.0,23,9,0.0,6.6936,2.0849,8.778500000000001,False,정상,혼합환경,39.62264150943396,0.95,0.7931034482758621,88.42517913335928,39.62264150943396,2.1811910261880456,True,23.31072334026067
FREE1_1H_R1,37,-77,390.0,17,4,0.0,3.3513,1.2583,4.6096,False,정상,혼합환경,37.735849056603776,0.9857142857142858,0.8620689655172413,93.39001558076352,37.735849056603776,2.33012841562771,True,25.74881891059927
FREE1_1H_R1,38,-78,458.75,24,4,0.0,6.2739,1.6759,7.9498,False,정상,혼합환경,35.84905660377358,0.9857142857142858,0.7816091954022988,90.01831257222983,35.84905660377358,1.8985615103353985,True,18.684096183441643
FREE1_1H_R1,39,-75,390.0,29,8,0.0,7.1324,3.3501,10.4825,False,정상,혼합환경,41.509433962264154,0.9571428571428572,0.7241379310344828,85.95010904263405,41.509433962264154,1.8662059014010821,True,18.154436927863497
FREE1_1H_R1,40,-74,458.75,29,10,0.0,4.4003,1.8822,6.2825,False,정상,혼합환경,43.39622641509434,0.9428571428571428,0.7241379310344828,85.12018692374104,43.39622641509434,2.0000814672514906,True,20.345971406240277
FREE1_1H_R1,41,-78,458.75,28,6,0.0,3.7636,1.6773,5.4409,False,정상,혼합환경,35.84905660377358,0.9714285714285714,0.735632183908046,87.261703019889,35.84905660377358,1.8370887502602677,True,17.67779101991264
FREE1_1H_R1,42,-79,458.75,37,6,0.0,1.4624,0.8378,2.3002,False,정상,혼합환경,33.9622641509434,0.9714285714285714,0.632183908045977,82.92665629463139,33.9622641509434,1.4283369167258546,True,10.986549562966367
FREE1_1H_R1,43,-78,458.75,44,13,0.0,8.1608,1.257,9.4178,False,정상,혼합환경,35.84905660377358,0.9214285714285715,0.5517241379310345,76.6502258699722,35.84905660377358,1.2601924392803014,True,8.234035186427109
FREE1_1H_R1,44,-78,458.75,30,19,0.0,1.882,3.1327,5.0146999999999995,False,정상,혼합환경,35.84905660377358,0.8785714285714286,0.7126436781609196,80.9038655303606,35.84905660377358,1.5876064668399272,True,13.593781944867697
FREE1_1H_R1,45,-79,458.75,19,5,0.0,4.4045,2.3004,6.704899999999999,False,정상,혼합환경,33.9622641509434,0.9785714285714285,0.8390804597701149,92.01171080459311,33.9622641509434,1.914825703771244,True,18.95033999314081
FREE1_1H_R1,46,-78,458.75,36,6,0.0,7.3258,2.3039,9.6297,False,정상,혼합환경,35.84905660377358,0.9714285714285714,0.6436781609195402,83.40832815299335,35.84905660377358,1.3828247071164066,True,10.24151759307227
FREE1_1H_R1,47,-80,458.75,27,7,0.0,3.5511,3.5571,7.1082,False,정상,혼합환경,32.075471698113205,0.9642857142857143,0.7471264367816092,87.32841381880445,32.075471698113205,1.514549421161557,True,12.39784276451422
FREE1_1H_R1,48,-76,390.0,23,4,0.0,9.236,1.8852,11.1212,False,정상,혼합환경,39.62264150943396,0.9857142857142858,0.7931034482758621,90.49998443059178,39.62264150943396,1.8571836204412646,True,18.00674276372352
FREE1_1H_R1,49,-75,390.0,34,24,0.0,7.1393,2.3068,9.446100000000001,True,혼잡,혼합환경,41.509433962264154,0.8428571428571429,0.6666666666666667,76.9023727996803,76.9023727996803,1.6909945918618354,True,15.286238960462454
FREE1_1H_R1,50,-78,390.0,24,4,0.0,10.241,2.7276,12.968599999999999,False,정상,혼합환경,35.84905660377358,0.9857142857142858,0.7816091954022988,90.01831257222983,35.84905660377358,1.8839982207964505,True,18.445696062101717
FREE1_1H_R1,51,-71,390.0,29,5,0.0,11.099,2.5117,13.6107,False,정상,혼합환경,49.056603773584904,0.9785714285714285,0.7241379310344828,87.19499222097353,49.056603773584904,2.124678504222597,True,22.38561695837098
FREE1_1H_R1,52,-74,390.0,28,3,0.0,4.1922,2.519,6.7112,False,정상,혼합환경,43.39622641509434,0.9928571428571429,0.735632183908046,88.50658619822849,43.39622641509434,2.165141516336809,True,23.047993887155428
FREE1_1H_R1,53,-75,390.0,30,7,0.0,3.1325,3.7642,6.8967,False,정상,혼합환경,41.509433962264154,0.9642857142857143,0.7126436781609196,85.88339824371859,41.509433962264154,2.042114350295546,True,21.03404702206667
FREE1_1H_R1,54,-75,390.0,25,6,0.0,9.4204,2.9277,12.3481,False,정상,혼합환경,41.509433962264154,0.9714285714285714,0.7701149425287357,88.70671859497487,41.509433962264154,2.1588113935227375,True,22.944370180235683
FREE1_1H_R1,55,-77,458.75,55,10,0.0,4.3941,2.9316,7.325699999999999,False,정상,혼합환경,37.735849056603776,0.9428571428571428,0.4252873563218391,72.59671860633017,37.735849056603776,1.3323347271407813,True,9.41499983961772
FREE1_1H_R1,56,-71,390.0,32,7,0.0,3.9759,1.6742,5.6501,False,정상,혼합환경,49.056603773584904,0.9642857142857143,0.6896551724137931,84.92005452699468,49.056603773584904,2.119551277815907,True,22.30168458895519
FREE1_1H_R1,57,-77,390.0,16,3,0.0,9.8181,3.7754,13.593499999999999,False,정상,혼합환경,37.735849056603776,0.9928571428571429,0.8735632183908046,94.28664849857198,37.735849056603776,2.483008878068921,True,28.25146233460149
FREE1_1H_R1,58,-71,390.0,31,3,0.0,9.1805,3.1388,12.3193,False,정상,혼합환경,49.056603773584904,0.9928571428571429,0.7011494252873562,87.06157062314263,49.056603773584904,2.1956318034465,True,23.5471179433791
FREE1_1H_R1,59,-74,390.0,24,3,0.0,8.7841,3.3551,12.1392,False,정상,혼합환경,43.39622641509434,0.9928571428571429,0.7816091954022988,90.43327363167633,43.39622641509434,2.3603222498782834,True,26.24309005241812
FREE1_1H_R1,60,-75,390.0,20,5,0.0,3.3419,4.1853,7.5272,False,정상,혼합환경,41.509433962264154,0.9785714285714285,0.8275862068965517,91.53003894623114,41.509433962264154,2.4193030853669977,True,27.20860256932818
FREE1_1H_R1,61,-77,390.0,32,6,0.0,7.3289,2.5092,9.8381,False,정상,혼합환경,37.735849056603776,0.9714285714285714,0.6896551724137931,85.33501558644117,37.735849056603776,1.827346783050491,True,17.518315637740976
FREE1_1H_R1,62,-72,390.0,28,5,0.0,3.3454,2.9198,6.2652,False,정상,혼합환경,47.16981132075472,0.9785714285714285,0.735632183908046,87.6766640793355,47.16981132075472,2.1937823712429916,True,23.516842856109342
FREE1_1H_R1,63,-73,390.0,34,5,0.0,3.1376,3.1489,6.2865,False,정상,혼합환경,45.28301886792453,0.9785714285714285,0.6666666666666667,84.78663292916376,45.28301886792453,2.0723023121010455,True,21.52822203233403
FREE1_1H_R1,64,-74,458.75,20,4,0.0,5.4428,4.1842,9.626999999999999,False,정상,혼합환경,43.39622641509434,0.9857142857142858,0.8275862068965517,91.94500000567766,43.39622641509434,2.4953935258618785,True,28.4541982294484
FREE1_1H_R1,65,-71,424.25,17,7,0.0,4.8081,2.7194,7.5275,False,정상,혼합환경,49.056603773584904,0.9642857142857143,0.8620689655172413,92.14513240242403,49.056603773584904,2.8227957246340054,True,33.813751351391716
FREE1_1H_R1,66,-71,390.0,28,7,0.0,6.0615,2.2948,8.3563,False,정상,혼합환경,49.056603773584904,0.9642857142857143,0.735632183908046,86.8467419604425,49.056603773584904,2.4785592289576996,True,28.178621862316827
FREE1_1H_R1,67,-75,390.0,31,7,0.0,5.8619,4.1844,10.0463,False,정상,혼합환경,41.509433962264154,0.9642857142857143,0.7011494252873562,85.40172638535662,41.509433962264154,2.165311265765879,True,23.05077267448774
FREE1_1H_R2,3,-76,458.75,18,4,0.0,9.8408,5.2326,15.0734,False,정상,혼합환경,39.62264150943396,0.9857142857142858,0.8505747126436781,92.90834372240157,39.62264150943396,2.279737631254074,True,24.923924982825543
FREE1_1H_R2,4,-75,390.0,29,3,0.0,9.424,4.609,14.033,False,정상,혼합환경,41.509433962264154,0.9928571428571429,0.7241379310344828,88.02491433986654,41.509433962264154,1.9346413474086583,True,19.27472081623399
FREE1_1H_R2,5,-75,390.0,19,10,0.0,5.8563,5.6587,11.515,False,정상,혼합환경,41.509433962264154,0.9428571428571428,0.8390804597701149,89.93690550736062,41.509433962264154,2.3425551473022073,True,25.95224371590413
FREE1_1H_R2,6,-72,390.0,35,8,0.0,9.6316,8.5853,18.216900000000003,False,정상,혼합환경,47.16981132075472,0.9571428571428572,0.6551724137931034,83.06007789246232,47.16981132075472,2.024017915322742,True,20.737809535213255
FREE1_1H_R2,7,-77,390.0,16,4,0.0,10.0419,4.821,14.8629,False,정상,혼합환경,37.735849056603776,0.9857142857142858,0.8735632183908046,93.87168743912548,37.735849056603776,2.470696624726833,True,28.049911532300154
FREE1_1H_R2,8,-75,390.0,19,5,0.0,9.0034,3.7578,12.761199999999999,False,정상,혼합환경,41.509433962264154,0.9785714285714285,0.8390804597701149,92.01171080459311,41.509433962264154,2.355012377658036,True,26.156167782678093
FREE1_1H_R2,9,-73,390.0,23,8,0.0,12.9884,5.6659,18.6543,False,정상,혼합환경,45.28301886792453,0.9571428571428572,0.7931034482758621,88.84014019280579,45.28301886792453,2.3196621975656413,True,25.577487588146724
FREE1_1H_R2,10,-71,424.25,12,5,0.0,13.3619,6.4806,19.8425,False,정상,혼합환경,49.056603773584904,0.9785714285714285,0.9195402298850575,95.3834138131268,49.056603773584904,3.081236439292125,True,38.044409374697295
FREE1_1H_R2,11,-75,390.0,16,4,0.0,11.7155,6.4962,18.2117,False,정상,혼합환경,41.509433962264154,0.9857142857142858,0.8735632183908046,93.87168743912548,41.509433962264154,2.6757218743331626,True,31.406161797954628
FREE1_1H_R2,12,-71,424.25,6,3,0.0,12.7645,9.0028,21.7673,False,정상,혼합환경,49.056603773584904,0.9928571428571429,0.9885057471264368,99.10336708219154,49.056603773584904,3.730122393119772,True,48.66663107224507
FREE1_1H_R2,13,-73,390.0,19,4,0.0,9.8371,9.2102,19.0473,False,정상,혼합환경,45.28301886792453,0.9857142857142858,0.8390804597701149,92.42667186403962,45.28301886792453,2.6824039629471303,True,31.51554716258078
FREE1_1H_R2,14,-74,390.0,8,4,0.0,9.4265,8.1711,17.5976,False,정상,혼합환경,43.39622641509434,0.9857142857142858,0.9655172413793104,97.72506230602113,43.39622641509434,3.3533484009971297,True,42.49886484061563
FREE1_1H_R2,15,-76,390.0,8,4,0.0,7.9403,6.2744,14.2147,False,정상,혼합환경,39.62264150943396,0.9857142857142858,0.9655172413793104,97.72506230602113,39.62264150943396,3.177033174476497,True,39.61259582260423
FREE1_1H_R2,16,-74,390.0,16,3,0.0,12.3512,6.7001,19.0513,False,정상,혼합환경,43.39622641509434,0.9928571428571429,0.8735632183908046,94.28664849857198,43.39622641509434,2.6003783391732416,True,30.172792930552333
FREE1_1H_R2,17,-74,390.0,11,4,0.0,3.7359,5.8657,9.601600000000001,False,정상,혼합환경,43.39622641509434,0.9857142857142858,0.9310344827586207,96.28004673093527,43.39622641509434,2.952856343977118,True,35.94283539864769
FREE1_1H_R2,18,-71,390.0,16,3,0.0,8.7817,5.67,14.4517,False,정상,혼합환경,49.056603773584904,0.9928571428571429,0.8735632183908046,94.28664849857198,49.056603773584904,2.8332336577678667,True,33.984619651372675
FREE1_1H_R2,19,-74,390.0,7,5,0.0,10.4615,5.8533,16.314799999999998,False,정상,혼합환경,43.39622641509434,0.9785714285714285,0.9770114942528736,97.79177310493658,43.39622641509434,3.4517419556436053,True,44.109561057569415
FREE1_1H_R2,20,-72,390.0,9,3,0.0,11.093,5.4266,16.5196,False,정상,혼합환경,47.16981132075472,0.9928571428571429,0.9540229885057472,97.65835150710568,47.16981132075472,3.3254029546554182,True,42.04139966552967
FREE1_1H_R2,21,-71,390.0,5,4,0.0,13.178,7.1237,20.3017,False,정상,혼합환경,49.056603773584904,0.9857142857142858,1.0,99.170077881107,49.056603773584904,3.928636445193034,True,51.9162934493734
FREE1_1H_R2,22,-71,390.0,6,3,0.0,13.1843,7.1151,20.2994,False,정상,혼합환경,49.056603773584904,0.9928571428571429,0.9885057471264368,99.10336708219154,49.056603773584904,3.85944599260661,True,50.783650151438984
FREE1_1H_R2,23,-72,424.25,7,3,0.0,3.3432,5.6521,8.9953,False,정상,혼합환경,47.16981132075472,0.9928571428571429,0.9770114942528736,98.62169522382959,47.16981132075472,3.662526824155603,True,47.56009591753282
FREE1_1H_R2,24,-75,390.0,9,3,0.0,8.7892,5.0573,13.846499999999999,False,정상,혼합환경,41.509433962264154,0.9928571428571429,0.9540229885057472,97.65835150710568,41.509433962264154,3.2314797032181746,True,40.50388202712826
FREE1_1H_R2,25,-76,390.0,16,4,0.0,10.2578,6.2722,16.53,False,정상,혼합환경,39.62264150943396,0.9857142857142858,0.8735632183908046,93.87168743912548,39.62264150943396,2.5552146380994816,True,29.433466023169956
FREE1_1H_R2,26,-73,390.0,12,4,0.0,12.7744,6.9122,19.6866,False,정상,혼합환경,45.28301886792453,0.9857142857142858,0.9195402298850575,95.7983748725733,45.28301886792453,2.9086082223404226,True,35.21849646828168
FREE1_1H_R2,27,-76,390.0,16,2,0.0,11.7286,5.0143,16.7429,False,정상,혼합환경,39.62264150943396,1.0,0.8735632183908046,94.70160955801848,39.62264150943396,2.5229692039595646,True,28.90561032195247
FREE1_1H_R2,28,-74,390.0,27,3,0.0,12.3613,8.7971,21.1584,False,정상,혼합환경,43.39622641509434,0.9928571428571429,0.7471264367816092,88.98825805659045,43.39622641509434,2.1334500555379403,True,22.52920669421498
FREE1_1H_R2,29,-73,424.25,9,5,0.0,11.2975,8.5968,19.8943,False,정상,혼합환경,45.28301886792453,0.9785714285714285,0.9540229885057472,96.82842938821267,45.28301886792453,3.1813982793055953,True,39.684052310380245
FREE1_1H_R2,30,-71,390.0,8,4,0.0,10.4786,7.7489,18.2275,False,정상,혼합환경,49.056603773584904,0.9857142857142858,0.9655172413793104,97.72506230602113,49.056603773584904,3.4837410814703613,True,44.633384707402676
FREE1_1H_R2,31,-76,390.0,22,4,0.0,10.2556,7.9403,18.195899999999998,False,정상,혼합환경,39.62264150943396,0.9857142857142858,0.8045977011494253,90.98165628895374,39.62264150943396,2.350973418410967,True,26.090050277288046
FREE1_1H_R2,32,-74,390.0,14,4,0.0,11.931,4.8189,16.7499,False,정상,혼합환경,43.39622641509434,0.9857142857142858,0.896551724137931,94.83503115584939,43.39622641509434,2.7455527111970124,True,32.54928814568588
FREE1_1H_R2,33,-76,390.0,15,3,0.0,11.9294,6.8973,18.8267,False,정상,혼합환경,39.62264150943396,0.9928571428571429,0.8850574712643678,94.76832035693394,39.62264150943396,2.5719347504091887,True,29.70717319576932
FREE1_1H_R2,34,-77,390.0,29,10,0.0,11.5497,7.7433,19.293,False,정상,혼합환경,37.735849056603776,0.9428571428571428,0.7241379310344828,85.12018692374104,37.735849056603776,1.865172450406693,True,18.137519400968056
FREE1_1H_R2,35,-76,390.0,11,4,0.0,8.167,6.9117,15.0787,False,정상,혼합환경,39.62264150943396,0.9857142857142858,0.9310344827586207,96.28004673093527,39.62264150943396,2.7079466841016093,True,31.93367987952596
FREE1_1H_R2,36,-75,390.0,23,11,0.0,11.7204,8.3674,20.0878,False,정상,혼합환경,41.509433962264154,0.9357142857142857,0.7931034482758621,87.59525701446628,41.509433962264154,2.1299699533928687,True,22.472237643957374
FREE1_1H_R2,37,-72,390.0,14,3,0.0,12.1543,9.0155,21.1698,False,정상,혼합환경,47.16981132075472,0.9928571428571429,0.896551724137931,95.24999221529589,47.16981132075472,2.790514540674729,True,33.28531042791037
FREE1_1H_R2,38,-75,390.0,8,4,0.0,14.4281,5.0114,19.439500000000002,False,정상,혼합환경,41.509433962264154,0.9857142857142858,0.9655172413793104,97.72506230602113,41.509433962264154,3.2164538781795287,True,40.25791022914502
FREE1_1H_R2,39,-77,390.0,12,4,0.0,10.8879,7.9501,18.838,False,정상,혼합환경,37.735849056603776,0.9857142857142858,0.9195402298850575,95.7983748725733,37.735849056603776,2.6627864218702406,True,31.194409265774308
FREE1_1H_R2,40,-76,390.0,17,3,0.0,14.2024,8.1587,22.3611,False,정상,혼합환경,39.62264150943396,0.9928571428571429,0.8620689655172413,93.80497664021001,39.62264150943396,2.3588306536740644,True,26.21867271764461
FREE1_1H_R2,41,-77,390.0,6,3,0.0,14.2354,4.3982,18.6336,False,정상,혼합환경,37.735849056603776,0.9928571428571429,0.9885057471264368,99.10336708219154,37.735849056603776,3.1936592364289442,True,39.88476339685097
FREE1_1H_R2,42,-77,458.75,14,3,0.0,10.0608,6.9089,16.9697,False,정상,혼합환경,37.735849056603776,0.9928571428571429,0.896551724137931,95.24999221529589,37.735849056603776,2.3974406365780325,True,26.850715676388347
FREE1_1H_R2,43,-77,390.0,12,7,0.0,11.0957,9.4204,20.5161,False,정상,혼합환경,37.735849056603776,0.9642857142857143,0.9195402298850575,94.55349169423381,37.735849056603776,2.507678873035979,True,28.65530857949506
FREE1_1H_R2,44,-75,390.0,19,4,0.0,10.4581,3.9558,14.4139,False,정상,혼합환경,41.509433962264154,0.9857142857142858,0.8390804597701149,92.42667186403962,41.509433962264154,2.252496793543245,True,24.477994206108193
FREE1_1H_R2,45,-71,390.0,10,4,0.0,12.5581,5.0172,17.5753,False,정상,혼합환경,49.056603773584904,0.9857142857142858,0.9425287356321839,96.76171858929722,49.056603773584904,3.110603528036191,True,38.52514674527981
FREE1_1H_R2,46,-77,390.0,11,3,0.0,6.4877,6.0633,12.551,False,정상,혼합환경,37.735849056603776,0.9928571428571429,0.9310344827586207,96.69500779038177,37.735849056603776,2.8115195667722546,True,33.6291613660522
FREE1_1H_R2,47,-72,390.0,12,5,0.0,5.4381,6.0796,11.517700000000001,False,정상,혼합환경,47.16981132075472,0.9785714285714285,0.9195402298850575,95.3834138131268,47.16981132075472,2.938140123806412,True,35.701931812615236
FREE1_1H_R2,48,-76,390.0,10,5,0.0,1.0393,4.3907,5.43,False,정상,혼합환경,39.62264150943396,0.9785714285714285,0.9425287356321839,96.3467575298507,39.62264150943396,2.9320025265787537,True,35.60145973727153
FREE1_1H_R2,49,-78,390.0,15,3,0.0,14.635,8.8023,23.4373,False,정상,혼합환경,35.84905660377358,0.9928571428571429,0.8850574712643678,94.76832035693394,35.84905660377358,2.3914369493141985,True,26.752435698615663
FREE1_1H_R2,50,-75,390.0,13,3,0.0,14.8344,7.7507,22.5851,False,정상,혼합환경,41.509433962264154,0.9928571428571429,0.9080459770114943,95.73166407365784,41.509433962264154,2.606836221416992,True,30.27850805119122
FREE1_1H_R2,51,-77,390.0,12,4,0.0,9.8344,5.0147,14.8491,False,정상,혼합환경,37.735849056603776,0.9857142857142858,0.9195402298850575,95.7983748725733,37.735849056603776,2.5747174008303007,True,29.752725005768397
FREE1_1H_R2,52,-74,390.0,15,6,0.0,8.7894,5.2299,14.019300000000001,False,정상,혼합환경,43.39622641509434,0.9714285714285714,0.8850574712643678,93.52343717859443,43.39622641509434,2.554675611704697,True,29.424642195450378
FREE1_1H_R2,53,-70,390.0,9,3,0.0,10.0457,5.6343,15.68,False,정상,혼합환경,50.943396226415096,0.9928571428571429,0.9540229885057472,97.65835150710568,50.943396226415096,3.3331476600818397,True,42.16817999963365
FREE1_1H_R2,54,-77,458.75,16,20,0.0,7.1139,0.6272,7.7411,False,정상,혼합환경,37.735849056603776,0.8714285714285714,0.8735632183908046,87.23231048798151,37.735849056603776,2.5396100546335676,True,29.1780199866283
FREE1_1H_R2,55,-77,390.0,8,3,0.0,10.4593,6.9163,17.3756,False,정상,혼합환경,37.735849056603776,0.9928571428571429,0.9655172413793104,98.14002336546763,37.735849056603776,3.0144126123161845,True,36.95050758713364
FREE1_1H_R2,56,-74,390.0,9,3,0.0,9.2148,9.0058,18.2206,False,정상,혼합환경,43.39622641509434,0.9928571428571429,0.9540229885057472,97.65835150710568,43.39622641509434,3.0194620872297264,True,37.03316716956328
FREE1_1H_R2,57,-77,390.0,9,7,0.0,14.2109,10.6887,24.8996,False,정상,혼합환경,37.735849056603776,0.9642857142857143,0.9540229885057472,95.99850726931969,37.735849056603776,2.8831612973441527,True,34.801931928339364
FREE1_1H_R2,58,-77,390.0,21,3,0.0,16.9584,10.4706,27.429000000000002,False,정상,혼합환경,37.735849056603776,0.9928571428571429,0.8160919540229885,91.87828920676219,37.735849056603776,2.076215574737491,True,21.59228189222135
FREE1_1H_R2,59,-75,390.0,5,6,0.0,11.5158,7.3236,18.8394,False,정상,혼합환경,41.509433962264154,0.9714285714285714,1.0,98.340155762214,41.509433962264154,3.407686171475019,True,43.388370679294816
FREE1_1H_R2,60,-72,390.0,8,3,0.0,12.548,8.2812,20.8292,False,정상,혼합환경,47.16981132075472,0.9928571428571429,0.9655172413793104,98.14002336546763,47.16981132075472,3.2835097942825486,True,41.355611300923236
FREE1_1H_R2,61,-77,390.0,11,3,0.0,13.5974,7.1243,20.7217,False,정상,혼합환경,37.735849056603776,0.9928571428571429,0.9310344827586207,96.69500779038177,37.735849056603776,2.784419212919313,True,33.18553030113259
FREE1_1H_R2,62,-72,390.0,5,3,0.0,6.7142,6.4864,13.2006,False,정상,혼합환경,47.16981132075472,0.9928571428571429,1.0,99.5850389405535,47.16981132075472,3.6768439022274135,True,47.79446557285173
FREE1_1H_R2,63,-77,390.0,7,5,0.0,6.4832,6.6879,13.1711,False,정상,혼합환경,37.735849056603776,0.9785714285714285,0.9770114942528736,97.79177310493658,37.735849056603776,3.1770977062370394,True,39.61365220341039
FREE1_1H_R2,64,-77,458.75,8,8,0.0,5.4466,7.3181,12.764700000000001,False,정상,혼합환경,37.735849056603776,0.9571428571428572,0.9655172413793104,96.06521806823514,37.735849056603776,2.9768683371651905,True,36.335910196367
FREE1_1H_R2,65,-72,390.0,8,5,0.0,9.8312,8.5989,18.430100000000003,False,정상,혼합환경,47.16981132075472,0.9785714285714285,0.9655172413793104,97.31010124657462,47.16981132075472,3.254547390151515,True,40.88149859165734
FREE1_1H_R2,66,-78,390.0,11,4,0.0,13.8371,8.1681,22.005200000000002,False,정상,혼합환경,35.84905660377358,0.9857142857142858,0.9310344827586207,96.28004673093527,35.84905660377358,2.7034994489560495,True,31.86087892370529
FREE1_1H_R2,67,-76,390.0,6,4,0.0,12.7484,4.6089,17.357300000000002,False,정상,혼합환경,39.62264150943396,0.9857142857142858,0.9885057471264368,98.68840602274504,39.62264150943396,3.2467592461743346,True,40.754007171246656
MOVE_OPEN2_1H_R1,2,-52,1201.0,82,18,0.0,18.6356,49.9486,68.5842,True,혼잡,혼합환경,84.90566037735849,0.8857142857142857,0.11494252873563215,56.271889954985355,56.271889954985355,4.1585102967316185,False,0.0
MOVE_OPEN2_1H_R1,3,-50,1201.0,30,8,0.0,5.0213,68.3369,73.3582,False,정상,혼합환경,88.67924528301887,0.9571428571428572,0.7126436781609196,85.46843718427209,88.67924528301887,5.167046391709492,True,72.18898532496321
MOVE_OPEN2_1H_R1,4,-50,1201.0,22,15,0.0,13.5989,63.4809,77.0798,False,정상,혼합환경,88.67924528301887,0.9071428571428571,0.8045977011494253,86.41708463504224,88.67924528301887,5.497828508438828,True,77.6038674883956
MOVE_OPEN2_1H_R1,5,-54,1201.0,18,17,0.0,11.0891,68.0413,79.13040000000001,False,정상,혼합환경,81.13207547169812,0.8928571428571429,0.8505747126436781,87.51384994959709,81.13207547169812,5.435569321397068,True,76.58468856555776
MOVE_OPEN2_1H_R1,6,-54,1201.0,21,6,0.0,17.1668,61.8526,79.0194,False,정상,혼합환경,81.13207547169812,0.9714285714285714,0.8160919540229885,90.63340602842268,81.13207547169812,5.180506510412136,True,72.40932661004021
MOVE_OPEN2_1H_R1,7,-50,1201.0,19,4,3.3333,32.2023,66.5311,98.73339999999999,False,정상,혼합환경,88.67924528301887,0.9857142857142858,0.8390804597701149,92.42667186403962,88.67924528301887,5.490082017207984,True,77.47705792078705
MOVE_OPEN2_1H_R1,8,-50,1201.0,14,7,0.0,4.6034,59.329,63.9324,False,정상,혼합환경,88.67924528301887,0.9642857142857143,0.896551724137931,93.5901479775099,88.67924528301887,5.84291476974052,True,83.25290758658532
MOVE_OPEN2_1H_R1,9,-64,960.75,15,5,0.0,17.371,65.8588,83.2298,False,정상,혼합환경,62.264150943396224,0.9785714285714285,0.8850574712643678,93.93839823804093,62.264150943396224,4.91787852245391,True,68.11012318975142
MOVE_OPEN2_1H_R1,10,-72,960.75,41,10,0.0,15.926,69.743,85.669,False,정상,혼합환경,47.16981132075472,0.9428571428571428,0.5862068965517242,79.34012462339757,47.16981132075472,3.067461854695486,True,37.81892030298288
MOVE_OPEN2_1H_R1,11,-65,924.75,27,21,0.0,6.6995,42.0076,48.7071,False,정상,혼합환경,60.37735849056604,0.8642857142857143,0.7471264367816092,81.51895898655349,60.37735849056604,3.410651491900039,True,43.43691278561262
MOVE_OPEN2_1H_R1,12,-71,924.75,13,7,0.0,4.8027,65.7867,70.5894,False,정상,혼합환경,49.056603773584904,0.9642857142857143,0.9080459770114943,94.07181983587185,49.056603773584904,3.640376823301275,True,47.1975018156145
MOVE_OPEN2_1H_R1,13,-70,888.75,19,8,0.0,7.9496,18.7236,26.6732,False,정상,혼합환경,50.943396226415096,0.9571428571428572,0.8390804597701149,90.76682762625362,50.943396226415096,3.1780979208561035,True,39.63002565296059
MOVE_OPEN2_1H_R1,14,-69,924.75,24,5,0.0,19.2537,79.1188,98.37249999999999,False,정상,혼합환경,52.83018867924528,0.9785714285714285,0.7816091954022988,89.60335151278332,52.83018867924528,2.9681026438350386,True,36.19241635536714
MOVE_OPEN2_1H_R1,15,-65,924.75,12,12,0.0,10.2636,70.5642,80.8278,False,정상,혼합환경,60.37735849056604,0.9285714285714286,0.9195402298850575,92.47868639700131,60.37735849056604,3.81851632027362,True,50.11363402462282
MOVE_OPEN2_1H_R1,16,-62,960.75,33,23,3.3333,6.0743,28.0305,34.1048,True,혼잡,혼합환경,66.0377358490566,0.85,0.6781609195402298,77.79900571748874,77.79900571748874,3.287203868598218,True,41.41608306197276
MOVE_OPEN2_1H_R1,17,-79,960.75,16,5,0.0,6.9114,30.8577,37.7691,False,정상,혼합환경,33.9622641509434,0.9785714285714285,0.8735632183908046,93.45672637967897,33.9622641509434,2.9443876751127855,True,35.80420382921792
MOVE_OPEN2_1H_R1,18,-79,960.75,35,5,0.0,5.6398,34.613,40.2528,False,정상,혼합환경,33.9622641509434,0.9785714285714285,0.6551724137931034,84.3049610708018,33.9622641509434,1.791641097112878,True,16.933815835186948
MOVE_OPEN2_1H_R1,19,-79,816.5,15,6,0.0,11.8783,9.4229,21.3012,False,정상,혼합환경,33.9622641509434,0.9714285714285714,0.8850574712643678,93.52343717859443,33.9622641509434,2.287405786531106,True,25.049452195864113
MOVE_OPEN2_1H_R1,20,-47,1201.0,23,9,0.0,45.6015,45.6562,91.2577,False,정상,혼합환경,94.33962264150944,0.95,0.7931034482758621,88.42517913335928,94.33962264150944,3.912151015160334,True,51.64642801068759
MOVE_OPEN2_1H_R1,21,-48,1201.0,15,6,0.0,13.8514,61.8657,75.7171,False,정상,혼합환경,92.45283018867924,0.9714285714285714,0.8850574712643678,93.52343717859443,92.45283018867924,5.229329049903632,True,73.20854846906923
MOVE_OPEN2_1H_R1,22,-47,1201.0,39,6,0.0,10.8851,62.5252,73.41029999999999,False,정상,혼합환경,94.33962264150944,0.9714285714285714,0.6091954022988506,81.96331257790747,94.33962264150944,4.9350845044159355,True,68.39178401758494
MOVE_OPEN2_1H_R1,23,-47,1201.0,41,6,0.0,16.7533,52.9118,69.6651,False,정상,혼합환경,94.33962264150944,0.9714285714285714,0.5862068965517242,80.99996886118356,94.33962264150944,5.151457625110988,True,71.93379820953271
MOVE_OPEN2_1H_R1,24,-47,1201.0,36,12,0.0,16.1171,61.7883,77.9054,False,정상,혼합환경,94.33962264150944,0.9285714285714286,0.6436781609195402,80.91856179631436,94.33962264150944,5.399520991699934,True,75.99457970650397
MOVE_OPEN2_1H_R1,25,-46,1201.0,19,5,0.0,15.6894,39.6107,55.3001,False,정상,혼합환경,96.22641509433963,0.9785714285714285,0.8390804597701149,92.01171080459311,96.22641509433963,6.095945841610934,True,87.395010102322
MOVE_OPEN2_1H_R1,26,-47,1201.0,51,16,0.0,31.9172,55.0866,87.0038,False,정상,혼합환경,94.33962264150944,0.9,0.47126436781609193,72.03363968309901,94.33962264150944,5.233696680683552,True,73.28004630649917
MOVE_OPEN2_1H_R1,27,-45,1201.0,9,5,0.0,8.1346,51.7302,59.8648,False,정상,혼합환경,98.11320754716981,0.9785714285714285,0.9540229885057472,96.82842938821267,98.11320754716981,6.86595433189041,True,100.0
MOVE_OPEN2_1H_R1,28,-44,1201.0,23,16,0.0,4.3868,59.9241,64.3109,False,정상,혼합환경,100.0,0.9,0.7931034482758621,85.5204517172338,100.0,6.183431306317257,True,88.82714158234842
MOVE_OPEN2_1H_R2,2,-44,1201.0,16,17,0.0,5.8557,67.6884,73.5441,False,정상,혼합환경,100.0,0.8928571428571429,0.8735632183908046,88.477193666321,100.0,6.631411563573255,True,96.1605498347971
MOVE_OPEN2_1H_R2,3,-73,816.5,33,22,6.6667,18.8699,62.1165,80.9864,True,혼잡,혼합환경,45.28301886792453,0.8571428571428572,0.6781609195402298,78.21396677693524,78.21396677693524,4.083834017642179,True,54.45686781648925
MOVE_OPEN2_1H_R2,4,-67,924.75,31,6,0.0,12.155,45.1462,57.3012,False,정상,혼합환경,56.60377358490566,0.9714285714285714,0.7011494252873562,85.81668744480312,56.60377358490566,3.5722282462723207,True,46.08191395413609
MOVE_OPEN2_1H_R2,5,-71,888.75,52,6,0.0,6.7052,61.1121,67.8173,False,정상,혼합환경,49.056603773584904,0.9714285714285714,0.45977011494252873,75.70157841920204,49.056603773584904,2.5732090982214544,True,29.728034188216178
MOVE_OPEN2_1H_R2,6,-65,960.75,25,20,6.6667,6.8567,55.7032,62.5599,False,정상,혼합환경,60.37735849056604,0.8714285714285714,0.7701149425287357,82.8972637627239,60.37735849056604,3.3309508630804445,True,42.132218572767066
MOVE_OPEN2_1H_R2,7,-73,888.75,17,7,0.0,0.4183,64.6461,65.0644,False,정상,혼합환경,45.28301886792453,0.9642857142857143,0.8620689655172413,92.14513240242403,45.28301886792453,3.205969666856345,True,40.08628435815509
MOVE_OPEN2_1H_R2,8,-72,888.75,11,15,0.0,11.3301,69.52,80.8501,False,정상,혼합환경,47.16981132075472,0.9071428571428571,0.9310344827586207,91.71547507702377,47.16981132075472,3.4091429566393696,True,43.41221815956489
MOVE_OPEN2_1H_R2,9,-83,924.75,18,7,0.0,9.6092,69.4433,79.0525,False,정상,혼합환경,26.41509433962264,0.9642857142857143,0.8505747126436781,91.66346054406206,26.41509433962264,2.164508250462668,True,23.037627365166564
MOVE_OPEN2_1H_R2,10,-73,888.75,15,7,3.3333,4.8102,48.8001,53.6103,False,정상,혼합환경,45.28301886792453,0.9642857142857143,0.8850574712643678,93.10847611914794,45.28301886792453,2.586819292119669,True,29.95083219467734
MOVE_OPEN2_1H_R2,11,-69,888.75,7,4,6.6667,9.6265,56.0854,65.7119,False,정상,혼합환경,52.83018867924528,0.9857142857142858,0.9770114942528736,98.20673416438309,52.83018867924528,3.6278402349558942,True,46.99227866361067
MOVE_OPEN2_1H_R2,12,-71,924.75,9,15,0.0,23.6331,40.3151,63.9482,False,정상,혼합환경,49.056603773584904,0.9071428571428571,0.9540229885057472,92.6788187937477,49.056603773584904,3.47989065620931,True,44.57035349134465
MOVE_OPEN2_1H_R2,13,-55,1201.0,7,9,0.0,28.8846,124.9588,153.8434,False,정상,혼합환경,79.24528301886792,0.95,0.9770114942528736,96.13192886715059,79.24528301886792,4.787206116353204,True,65.97102423227517
MOVE_OPEN2_1H_R2,15,-50,1201.0,12,8,3.3333,15.7022,168.1681,183.87030000000001,False,정상,혼합환경,88.67924528301887,0.9571428571428572,0.9195402298850575,94.13853063478732,88.67924528301887,5.196402784162739,True,72.66954759794692
MOVE_OPEN2_1H_R2,16,-49,1201.0,8,4,0.0,26.7813,164.6582,191.4395,False,정상,혼합환경,90.56603773584906,0.9857142857142858,0.9655172413793104,97.72506230602113,90.56603773584906,6.082082001948331,True,87.16805993086777
MOVE_OPEN2_1H_R2,17,-53,1201.0,12,13,0.0,26.1376,158.7664,184.904,False,정상,혼합환경,83.01886792452831,0.9214285714285715,0.9195402298850575,92.06372533755483,83.01886792452831,5.690125969300577,True,80.7517646637004
MOVE_OPEN2_1H_R2,18,-51,1201.0,12,8,0.0,24.3345,181.1509,205.4854,False,정상,혼합환경,86.79245283018868,0.9571428571428572,0.9195402298850575,94.13853063478732,86.79245283018868,5.816705541422047,True,82.82386418985554
MOVE_OPEN2_1H_R2,19,-49,1201.0,12,5,0.0,13.3548,135.5461,148.9009,False,정상,혼합환경,90.56603773584906,0.9785714285714285,0.9195402298850575,95.3834138131268,90.56603773584906,6.012872451278278,True,86.03510399852185
MOVE_OPEN2_1H_R2,20,-49,1201.0,10,5,0.0,15.7139,165.8387,181.55259999999998,False,정상,혼합환경,90.56603773584906,0.9785714285714285,0.9425287356321839,96.3467575298507,90.56603773584906,6.263209861553862,True,90.13311144567263
MOVE_OPEN2_1H_R2,21,-50,1201.0,11,6,0.0,37.0462,176.3955,213.4417,False,정상,혼합환경,88.67924528301887,0.9714285714285714,0.9310344827586207,95.45012461204226,88.67924528301887,6.181663904770266,True,88.7982093316964
MOVE_OPEN2_1H_R2,22,-51,1201.0,17,4,0.0,19.4769,185.9013,205.3782,False,정상,혼합환경,86.79245283018868,0.9857142857142858,0.8620689655172413,93.39001558076352,86.79245283018868,5.735181026068978,True,81.48931307073013
MOVE_OPEN2_1H_R2,23,-51,1201.0,15,4,0.0,20.2269,147.2338,167.4607,False,정상,혼합환경,86.79245283018868,0.9857142857142858,0.8850574712643678,94.35335929748744,86.79245283018868,5.804614881266788,True,82.62594085389598
MOVE_OPEN2_1H_R2,24,-49,1201.0,33,5,0.0,73.3027,151.9382,225.2409,False,정상,혼합환경,90.56603773584906,0.9785714285714285,0.6781609195402298,85.26830478752571,90.56603773584906,5.23207381468253,True,73.25348009352048
MOVE_OPEN2_1H_R2,25,-60,1201.0,22,22,0.0,12.3227,96.8098,109.1325,True,혼잡,혼합환경,69.81132075471697,0.8571428571428572,0.8045977011494253,83.51235721891676,83.51235721891676,4.909273573748426,True,67.96926072800986
MOVE_OPEN2_1H_R2,26,-70,960.75,35,6,0.0,9.6394,73.1843,82.82369999999999,False,정상,혼합환경,50.943396226415096,0.9714285714285714,0.6551724137931034,83.8900000113553,50.943396226415096,3.5069719787422797,True,45.01367301476959
MOVE_OPEN2_1H_R2,27,-65,924.75,12,5,0.0,20.488,94.3496,114.8376,False,정상,혼합환경,60.37735849056604,0.9785714285714285,0.9195402298850575,95.3834138131268,60.37735849056604,4.251449815748295,True,57.200727745945336
MOVE_OPEN2_1H_R2,28,-71,816.5,15,8,0.0,15.2749,105.1155,120.3904,False,정상,혼합환경,49.056603773584904,0.9571428571428572,0.8850574712643678,92.69351505970144,49.056603773584904,3.5923575048569356,True,46.41142863392193
MOVE_OPEN2_1H_R2,29,-70,888.75,12,5,0.0,23.9302,80.7673,104.6975,False,정상,혼합환경,50.943396226415096,0.9785714285714285,0.9195402298850575,95.3834138131268,50.943396226415096,3.593607994060042,True,46.43189906245784
MOVE_OPEN2_1H_R2,30,-70,888.75,12,7,0.0,0.4183,21.1284,21.546699999999998,False,정상,혼합환경,50.943396226415096,0.9642857142857143,0.9195402298850575,94.55349169423381,50.943396226415096,3.506113877744582,True,44.99962595614137
MOVE_OPEN2_1H_R2,31,-68,924.75,61,131,0.0,0.418,0.6264,1.0444,True,혼잡,혼합환경,54.71698113207547,0.07857142857142863,0.3563218390804598,19.496399263132144,19.496399263132144,2.196520398297123,True,23.561664184435692
CONGESTED_OPEN2_R1,2,-51,1201.0,50,7,0.0,33.2445,64.7117,97.9562,False,정상,혼합환경,86.79245283018868,0.9642857142857143,0.48275862068965514,76.24996107647945,86.79245283018868,4.715802899775644,True,64.80215812887002
CONGESTED_OPEN2_R1,3,-53,1201.0,47,9,0.0,103.9524,70.7138,174.6662,False,정상,혼합환경,83.01886792452831,0.95,0.5172413793103448,76.86505453267232,83.01886792452831,4.638791418615037,True,63.54148509176838
CONGESTED_OPEN2_R1,4,-52,1201.0,32,7,0.0,79.3099,60.8244,140.1343,False,정상,혼합환경,84.90566037735849,0.9642857142857143,0.6896551724137931,84.92005452699468,84.90566037735849,4.968394573209298,True,68.93706772020865
CONGESTED_OPEN2_R1,5,-47,1201.0,58,13,0.0,95.6088,29.7174,125.3262,True,혼잡,혼합환경,94.33962264150944,0.9214285714285715,0.3908045977011494,69.90681985290482,69.90681985290482,4.789446566091515,True,66.0077002516622
CONGESTED_OPEN2_R1,6,-51,1201.0,72,10,0.0,69.254,68.2485,137.5025,True,혼잡,혼합환경,86.79245283018868,0.9428571428571428,0.22988505747126442,64.40829701417691,64.40829701417691,4.501323568988056,True,61.29114515697792
CONGESTED_OPEN2_R1,7,-50,1201.0,58,11,0.0,68.8051,61.0996,129.9047,True,혼잡,혼합환경,88.67924528301887,0.9357142857142857,0.3908045977011494,70.73674197179781,70.73674197179781,4.706398363719331,True,64.64820647316924
CONGESTED_OPEN2_R1,8,-52,1201.0,61,13,0.0,27.6317,42.8955,70.5272,True,혼잡,혼합환경,84.90566037735849,0.9214285714285715,0.3563218390804598,68.46180427781894,68.46180427781894,4.536256748221076,True,61.86299907402522
CONGESTED_OPEN2_R1,9,-51,1201.0,88,13,0.0,55.9859,68.4746,124.4605,True,혼잡,혼합환경,86.79245283018868,0.9214285714285715,0.04597701149425293,55.45666410204612,55.45666410204612,4.227237536422471,False,0.0
CONGESTED_OPEN2_R1,10,-53,1201.0,41,12,0.0,56.3745,26.7409,83.1154,False,정상,혼합환경,83.01886792452831,0.9285714285714286,0.5862068965517242,78.51020250450458,83.01886792452831,4.752302260321171,True,65.39965033415868
CONGESTED_OPEN2_R1,11,-51,1201.0,63,26,0.0,38.0172,54.2057,92.22290000000001,True,혼잡,혼합환경,86.79245283018868,0.8285714285714285,0.33333333333333337,62.10396678829054,62.10396678829054,4.449776108479474,True,60.44731651461347
CONGESTED_OPEN2_R1,12,-49,1201.0,41,26,0.0,50.8157,25.9518,76.7675,True,혼잡,혼합환경,90.56603773584906,0.8285714285714285,0.5862068965517242,72.70074767225358,72.70074767225358,4.986394380757764,True,69.23172342228567
CONGESTED_OPEN2_R1,13,-50,1201.0,60,7,0.0,47.5341,58.6451,106.17920000000001,True,혼잡,혼합환경,88.67924528301887,0.9642857142857143,0.367816091954023,71.43324249285989,71.43324249285989,4.677378151848697,True,64.17314745489135
CONGESTED_OPEN2_R1,14,-50,1201.0,39,8,0.0,13.4185,57.8818,71.3003,False,정상,혼합환경,88.67924528301887,0.9571428571428572,0.6091954022988506,81.13339045901448,88.67924528301887,5.062631468469947,True,70.47971968800434
CONGESTED_OPEN2_R1,15,-50,1201.0,35,10,0.0,63.8608,95.0764,158.93720000000002,False,정상,혼합환경,88.67924528301887,0.9428571428571428,0.6551724137931034,82.23015577356931,88.67924528301887,5.159022673464586,True,72.05763756880776
CONGESTED_OPEN2_R1,16,-50,1201.0,41,7,0.0,33.4875,76.1137,109.60119999999999,False,정상,혼합환경,88.67924528301887,0.9642857142857143,0.5862068965517242,80.58500780173706,88.67924528301887,5.018024067208108,True,69.74949937307889
CONGESTED_OPEN2_R1,17,-50,1201.0,35,6,0.0,92.4217,77.2396,169.66129999999998,False,정상,혼합환경,88.67924528301887,0.9714285714285714,0.6551724137931034,83.8900000113553,88.67924528301887,5.1621856421096215,True,72.1094151638871
CONGESTED_OPEN2_R1,18,-52,1201.0,31,11,0.0,94.8056,53.3613,148.1669,False,정상,혼합환경,84.90566037735849,0.9357142857142857,0.7011494252873562,83.74188214757064,84.90566037735849,5.133007289428543,True,71.63176739062372
CONGESTED_OPEN2_R1,19,-54,1201.0,34,6,0.0,30.0155,77.8652,107.8807,False,정상,혼합환경,81.13207547169812,0.9714285714285714,0.6666666666666667,84.37167186971726,81.13207547169812,4.850457535852745,True,67.00644593719186
CONGESTED_OPEN2_R1,20,-51,1201.0,34,6,0.0,22.6047,66.7671,89.37180000000001,False,정상,혼합환경,86.79245283018868,0.9714285714285714,0.6666666666666667,84.37167186971726,86.79245283018868,4.950247169059575,True,68.63999587117837
CONGESTED_OPEN2_R1,21,-50,1201.0,68,8,0.0,82.3013,61.3923,143.6936,True,혼잡,혼합환경,88.67924528301887,0.9571428571428572,0.27586206896551724,67.16490656651774,67.16490656651774,4.47156970848794,True,60.80407635740565
CONGESTED_OPEN2_R1,22,-55,1201.0,38,17,0.0,53.709,57.7727,111.4817,False,정상,혼합환경,79.24528301886792,0.8928571428571429,0.6206896551724138,77.88041278235795,79.24528301886792,4.698372819519543,True,64.51682882624877
CONGESTED_OPEN2_R1,23,-55,1201.0,52,22,0.0,2.5139,23.6903,26.2042,True,혼잡,혼합환경,79.24528301886792,0.8571428571428572,0.45977011494252873,69.06220146805806,69.06220146805806,4.28813800341203,True,57.801311039121295
CONGESTED_OPEN2_R1,24,-55,1201.0,89,23,0.0,22.582,46.668,69.25,True,혼잡,혼합환경,79.24528301886792,0.85,0.03448275862068961,50.82538164921917,50.82538164921917,3.756871842278655,False,0.0
CONGESTED_OPEN2_R1,25,-54,1201.0,71,10,0.0,3.3465,54.093,57.4395,True,혼잡,혼합환경,81.13207547169812,0.9428571428571428,0.24137931034482762,64.88996887253886,64.88996887253886,3.9850786992712597,True,52.840249550428844
CONGESTED_OPEN2_R1,26,-51,1201.0,60,21,0.0,55.8672,54.1433,110.01050000000001,True,혼잡,혼합환경,86.79245283018868,0.8642857142857143,0.367816091954023,65.62378766060891,65.62378766060891,4.345961860032822,True,58.74788388572111
CONGESTED_OPEN2_R1,27,-55,1201.0,73,15,0.0,31.8771,53.7997,85.6768,True,혼잡,혼합환경,79.24528301886792,0.9071428571428571,0.2183908045977011,61.85181985858246,61.85181985858246,4.018849198456221,True,53.39307046921049
CONGESTED_OPEN2_R1,28,-51,1201.0,78,31,0.0,2.5129,20.071,22.5839,True,혼잡,혼합환경,86.79245283018868,0.7928571428571428,0.16091954022988508,52.804083615628706,52.804083615628706,4.1470989201221515,True,55.49251023693608
CONGESTED_OPEN2_R1,29,-50,1201.0,45,9,0.0,5.4466,4.2008,9.647400000000001,False,정상,혼합환경,88.67924528301887,0.95,0.5402298850574713,77.82839824939624,88.67924528301887,4.781582827443115,True,65.87897135130282
CONGESTED_OPEN2_R1,30,-53,1201.0,61,10,0.0,24.3332,40.3799,64.7131,True,혼잡,혼합환경,83.01886792452831,0.9428571428571428,0.3563218390804598,69.70668745615843,69.70668745615843,4.398221423779848,True,59.60336961270216
CONGESTED_OPEN2_R1,31,-51,1201.0,79,11,0.0,9.6351,74.6333,84.2684,True,혼잡,혼합환경,86.79245283018868,0.9357142857142857,0.14942528735632188,60.62163294619672,60.62163294619672,4.2520018127290635,True,57.209763901330604
CONGESTED_OPEN2_R1,32,-52,1201.0,59,25,0.0,4.1892,34.1418,38.331,True,혼잡,혼합환경,84.90566037735849,0.8357142857142857,0.3793103448275862,64.44561528118487,64.44561528118487,4.475488087410756,True,60.8682199705747
CONGESTED_OPEN2_R1,33,-55,1201.0,84,34,0.0,7.3521,1.2556,8.6077,True,혼잡,혼합환경,79.24528301886792,0.7714285714285715,0.09195402298850575,48.66916928711748,48.66916928711748,3.953656661310286,False,0.0
CONGESTED_OPEN2_R1,34,-53,1201.0,85,36,0.0,0.4159,23.2031,23.619,True,혼잡,혼합환경,83.01886792452831,0.7571428571428571,0.08045977011494254,47.35757530986252,47.35757530986252,3.967362013201127,False,0.0
CONGESTED_OPEN2_R1,35,-58,1080.8,87,56,0.0,3.3454,24.0745,27.419900000000002,True,혼잡,혼합환경,73.58490566037736,0.6142857142857143,0.05747126436781613,38.095010404208644,38.095010404208644,3.628328373127434,False,0.0
CONGESTED_OPEN2_R1,36,-52,1201.0,83,19,0.0,16.5442,58.5332,75.0774,True,혼잡,혼합환경,84.90566037735849,0.8785714285714286,0.10344827586206895,55.37525703717691,55.37525703717691,3.9071995617209034,False,0.0
CONGESTED_OPEN2_R1,37,-56,1201.0,78,26,0.0,88.2988,50.625,138.9238,True,혼잡,혼합환경,77.35849056603774,0.8285714285714285,0.16091954022988508,54.87888891286119,54.87888891286119,3.8157097853023076,True,50.06769122605961
CONGESTED_OPEN2_R1,38,-54,1201.0,56,10,0.0,31.8765,38.8818,70.75829999999999,True,혼잡,혼합환경,81.13207547169812,0.9428571428571428,0.4137931034482759,72.11504674796822,72.11504674796822,4.1615052409417945,True,55.72834079034777
CONGESTED_OPEN2_R1,39,-53,1201.0,87,54,0.0,0.6263,36.8659,37.492200000000004,True,혼잡,혼합환경,83.01886792452831,0.6285714285714286,0.05747126436781613,38.92493252310164,38.92493252310164,3.8770888277866784,False,0.0
CONGESTED_OPEN2_R1,40,-52,1201.0,84,24,0.0,1.0434,16.4446,17.488,True,혼잡,혼합환경,84.90566037735849,0.8428571428571429,0.09195402298850575,52.81877988158246,52.81877988158246,4.023451869947756,False,0.0
CONGESTED_OPEN2_R1,41,-53,1201.0,71,30,0.0,2.3017,19.6817,21.9834,True,혼잡,혼합환경,83.01886792452831,0.8,0.24137931034482762,56.5907476836089,56.5907476836089,4.159282824736627,True,55.69195997874865
CONGESTED_OPEN2_R1,42,-50,1201.0,77,32,3.3333,26.353,37.4645,63.8175,True,혼잡,혼합환경,88.67924528301887,0.7857142857142857,0.1724137931034483,52.870794414544164,52.870794414544164,4.28510928380972,True,57.75173109231297
CONGESTED_OPEN2_R1,43,-50,1201.0,83,29,0.0,2.5233,32.9268,35.4501,True,혼잡,혼합환경,88.67924528301887,0.8071428571428572,0.10344827586206895,51.22564644271193,51.22564644271193,4.314555334187071,False,0.0
CONGESTED_OPEN2_R1,44,-59,1201.0,84,13,0.0,4.1868,17.6352,21.822000000000003,True,혼잡,혼합환경,71.69811320754717,0.9214285714285715,0.09195402298850575,57.383351535493944,57.383351535493944,3.7571665663276503,False,0.0
CONGESTED_OPEN2_R1,45,-53,1201.0,82,15,0.0,28.7015,90.7586,119.4601,True,혼잡,혼합환경,83.01886792452831,0.9071428571428571,0.11494252873563215,57.51677313332485,57.51677313332485,3.901632225927967,False,0.0
CONGESTED_OPEN2_R1,46,-57,1201.0,51,23,0.0,47.7058,61.0933,108.79910000000001,True,혼잡,혼합환경,75.47169811320755,0.85,0.47126436781609193,69.12891226697353,69.12891226697353,4.108873243272512,True,54.86675834380211
CONGESTED_OPEN2_R1,47,-54,1201.0,79,25,0.0,4.1881,50.2445,54.4326,True,혼잡,혼합환경,81.13207547169812,0.8357142857142857,0.14942528735632188,54.81217811394574,54.81217811394574,3.829101715032015,True,50.28691626199671
CONGESTED_OPEN2_R1,48,-51,1201.0,58,16,0.0,19.9097,32.4278,52.3375,True,혼잡,혼합환경,86.79245283018868,0.9,0.3908045977011494,68.66193667456531,68.66193667456531,4.342095795380139,True,58.6845966538191
CONGESTED_OPEN2_R1,49,-54,1201.0,81,34,0.0,1.2458,7.7554,9.0012,True,혼잡,혼합환경,81.13207547169812,0.7714285714285715,0.12643678160919536,50.114184862203345,50.114184862203345,3.9763774970737384,False,0.0
CONGESTED_OPEN2_R1,50,-54,1201.0,92,142,3.3333,6.0595,0.0,6.0595,True,혼잡,혼합환경,81.13207547169812,0.0,0.0,0.0,0.0,3.8289104320422473,False,0.0
CONGESTED_OPEN2_R1,51,-54,1201.0,90,103,0.0,6.4692,0.2092,6.6784,True,혼잡,혼합환경,81.13207547169812,0.2785714285714286,0.02298850574712641,17.146825035137347,17.146825035137347,3.8287020336185784,False,0.0
CONGESTED_OPEN2_R1,52,-51,1201.0,89,75,0.0,7.7475,2.9331,10.6806,True,혼잡,혼합환경,86.79245283018868,0.47857142857142854,0.03448275862068961,29.247406558001252,29.247406558001252,4.029970389605875,False,0.0
CONGESTED_OPEN2_R1,53,-50,1201.0,89,45,0.0,12.0907,0.2112,12.3019,True,혼잡,혼합환경,88.67924528301887,0.6928571428571428,0.03448275862068961,41.6962383413962,41.6962383413962,4.191360660401232,False,0.0
CONGESTED_OPEN2_R1,54,-52,1201.0,90,43,0.0,5.4333,1.4817,6.915,True,혼잡,혼합환경,84.90566037735849,0.7071428571428571,0.02298850574712641,42.04448860192724,42.04448860192724,4.127813733811339,False,0.0
CONGESTED_OPEN2_R1,55,-51,1201.0,80,15,0.0,35.788,19.1005,54.88849999999999,True,혼잡,혼합환경,86.79245283018868,0.9071428571428571,0.13793103448275867,58.480116850048766,58.480116850048766,4.272000126893907,False,0.0
CONGESTED_OPEN2_R1,56,-51,1201.0,87,26,0.0,48.955,8.5733,57.5283,True,혼잡,혼합환경,86.79245283018868,0.8285714285714285,0.05747126436781613,50.54384218760359,50.54384218760359,4.218979596116161,False,0.0
CONGESTED_OPEN2_R1,57,-53,1201.0,77,17,0.0,91.4431,56.8663,148.3094,True,혼잡,혼합환경,83.01886792452831,0.8928571428571429,0.1724137931034483,59.09521030624165,59.09521030624165,4.204012977586314,True,56.42418972934175
CONGESTED_OPEN2_R1,58,-52,1201.0,54,22,0.0,32.2685,5.6557,37.924200000000006,True,혼잡,혼합환경,84.90566037735849,0.8571428571428572,0.4367816091954023,68.09885775133415,68.09885775133415,4.512767655950893,True,61.478484130996705
CONGESTED_OPEN2_R1,59,-53,1201.0,81,39,0.0,64.5423,9.8685,74.4108,True,혼잡,혼합환경,83.01886792452831,0.7357142857142858,0.12643678160919536,48.03937956497086,48.03937956497086,4.097873316601629,False,0.0
CONGESTED_OPEN2_R1,60,-53,1201.0,50,6,0.0,20.9406,61.8937,82.8343,False,정상,혼합환경,83.01886792452831,0.9714285714285714,0.48275862068965514,76.66492213592595,83.01886792452831,4.48200707164294,True,60.97493532686899
CONGESTED_OPEN2_R1,61,-52,1201.0,82,18,0.0,71.0115,4.1951,75.2066,True,혼잡,혼합환경,84.90566037735849,0.8857142857142857,0.11494252873563215,56.271889954985355,56.271889954985355,4.108050944563015,False,0.0
CONGESTED_OPEN2_R1,62,-52,1201.0,81,36,0.0,33.1206,5.6522,38.772800000000004,True,혼잡,혼합환경,84.90566037735849,0.7571428571428571,0.12643678160919536,49.284262743310336,49.284262743310336,4.141603925396251,False,0.0
CONGESTED_OPEN2_R1,63,-54,1201.0,85,17,0.0,15.7039,2.9365,18.6404,True,혼잡,혼합환경,81.13207547169812,0.8928571428571429,0.08045977011494254,55.24183543934599,55.24183543934599,3.9805030746758145,False,0.0
CONGESTED_OPEN2_R1,64,-55,1201.0,82,19,0.0,58.8988,6.2949,65.1937,True,혼잡,혼합환경,79.24528301886792,0.8785714285714286,0.11494252873563215,55.856928895538864,55.856928895538864,3.8864486301195544,False,0.0
CONGESTED_OPEN2_R1,65,-54,1201.0,66,16,0.0,35.4914,8.9771,44.4685,True,혼잡,혼합환경,81.13207547169812,0.9,0.29885057471264365,64.80856180766966,64.80856180766966,4.078627365211366,True,54.371635248122
CONGESTED_OPEN2_R1,66,-52,1201.0,81,14,0.0,70.6027,27.0952,97.6979,True,혼잡,혼합환경,84.90566037735849,0.9142857142857143,0.12643678160919536,58.41340605113331,58.41340605113331,4.03237962292979,False,0.0
CONGESTED_OPEN2_R2,2,-53,1201.0,87,12,0.0,86.7459,46.3055,133.0514,True,혼잡,혼합환경,83.01886792452831,0.9285714285714286,0.05747126436781613,56.353297019854566,56.353297019854566,3.9733991323745905,False,0.0
CONGESTED_OPEN2_R2,3,-52,1201.0,69,12,0.0,44.6121,66.2091,110.8212,True,혼잡,혼합환경,84.90566037735849,0.9285714285714286,0.26436781609195403,65.02339047036979,65.02339047036979,4.240828242900023,True,57.02685327554655
CONGESTED_OPEN2_R2,4,-55,1201.0,38,13,0.0,80.7254,62.4138,143.1392,False,정상,혼합환경,79.24528301886792,0.9214285714285715,0.6206896551724138,79.54025702014395,79.24528301886792,4.590443104025757,True,62.7500262641567
CONGESTED_OPEN2_R2,5,-53,1201.0,76,10,0.0,36.9471,30.6617,67.6088,True,혼잡,혼합환경,83.01886792452831,0.9428571428571428,0.1839080459770115,62.48160958072908,62.48160958072908,4.040272025449067,True,53.74376078137383
CONGESTED_OPEN2_R2,6,-51,1201.0,46,7,0.0,60.4987,53.786,114.2847,False,정상,혼합환경,86.79245283018868,0.9642857142857143,0.5287356321839081,78.17664850992728,86.79245283018868,4.6357924835184505,True,63.492392715419975
CONGESTED_OPEN2_R2,7,-49,1201.0,55,11,0.0,66.2487,59.7516,126.00030000000001,False,정상,혼합환경,90.56603773584906,0.9357142857142857,0.4252873563218391,72.18175754688367,90.56603773584906,4.692214421150583,True,64.41601623754805
CONGESTED_OPEN2_R2,8,-51,1201.0,39,20,0.0,61.9016,48.1434,110.045,False,정상,혼합환경,86.79245283018868,0.8714285714285714,0.6091954022988506,76.1538577456565,86.79245283018868,4.965179593498837,True,68.88443870730401
CONGESTED_OPEN2_R2,9,-53,1201.0,75,7,0.0,64.4502,72.4392,136.8894,True,혼잡,혼합환경,83.01886792452831,0.9642857142857143,0.1954022988505747,64.20816461743054,64.20816461743054,4.24996381204418,True,57.176401960042014
CONGESTED_OPEN2_R2,10,-54,1201.0,37,11,0.0,76.5246,60.719,137.24360000000001,False,정상,혼합환경,81.13207547169812,0.9357142857142857,0.632183908045977,80.8518509973989,81.13207547169812,4.7240430076208115,True,64.93704816898686
CONGESTED_OPEN2_R2,11,-56,1201.0,42,7,0.0,50.4869,40.4844,90.9713,False,정상,혼합환경,77.35849056603774,0.9642857142857143,0.5747126436781609,80.1033359433751,77.35849056603774,4.409226607872095,True,59.783523774709536
CONGESTED_OPEN2_R2,12,-49,1201.0,58,11,0.0,55.7771,39.821,95.59809999999999,True,혼잡,혼합환경,90.56603773584906,0.9357142857142857,0.3908045977011494,70.73674197179781,70.73674197179781,4.4921599541623385,True,61.14113736646322
CONGESTED_OPEN2_R2,13,-52,1201.0,62,5,0.0,26.2776,28.9078,55.1854,True,혼잡,혼합환경,84.90566037735849,0.9785714285714285,0.3448275862068966,71.29982089502897,71.29982089502897,4.418110425853666,True,59.92895130872265
CONGESTED_OPEN2_R2,14,-50,1201.0,31,7,0.0,64.7641,61.9575,126.7216,False,정상,혼합환경,88.67924528301887,0.9642857142857143,0.7011494252873562,85.40172638535662,88.67924528301887,5.14226100025927,True,71.7832500469968
CONGESTED_OPEN2_R2,15,-50,1201.0,45,7,0.0,10.156,37.7142,47.8702,False,정상,혼합환경,88.67924528301887,0.9642857142857143,0.5402298850574713,78.65832036828924,88.67924528301887,4.879310705801712,True,67.47877048986103
CONGESTED_OPEN2_R2,16,-49,1201.0,64,8,0.0,68.9829,59.4875,128.47039999999998,True,혼잡,혼합환경,90.56603773584906,0.9571428571428572,0.32183908045977017,69.09159399996557,69.09159399996557,4.674844049328836,True,64.13166435819078
CONGESTED_OPEN2_R2,17,-50,1201.0,43,14,0.0,51.3337,33.3427,84.6764,False,정상,혼합환경,88.67924528301887,0.9142857142857143,0.5632183908045977,76.71693666888766,88.67924528301887,4.997564654604515,True,69.41458009304978
